SET SQL_MODE = "NO_AUTO_VALUE_ON_ZERO";
START TRANSACTION;
SET time_zone = "+00:00";


/*!40101 SET @OLD_CHARACTER_SET_CLIENT=@@CHARACTER_SET_CLIENT */;
/*!40101 SET @OLD_CHARACTER_SET_RESULTS=@@CHARACTER_SET_RESULTS */;
/*!40101 SET @OLD_COLLATION_CONNECTION=@@COLLATION_CONNECTION */;
/*!40101 SET NAMES utf8mb4 */;

--
-- Base de datos: `fundas`
--

--
-- Volcado de datos para la tabla `color`
--

INSERT INTO `color` (`idColor`, `nombreColor`, `refColor`, `thumb`) VALUES
(1, 'TRANSPARENTE', 99, '#ffffff'),
(2, 'NEGRO', 1, '#111111'),
(5, 'BLANCO', 2, '#ffffff'),
(6, 'ROJO', 3, '#ff0000'),
(7, 'ROSA', 4, '#ff5252'),
(8, 'NARANJA', 5, '#ec4d09'),
(9, 'AMARILLO', 6, '#ecd909'),
(10, 'AZUL', 7, '#0702f7'),
(11, 'AZUL MARINO', 8, '#020d5f'),
(12, 'AZUL CLARO', 9, '#50bcf2'),
(13, 'VERDE', 10, '#0ad62c'),
(14, 'VERDE OSCURO', 11, '#044e13'),
(15, 'VERDE CLARO', 12, '#62ea7d'),
(16, 'FUCSIA', 13, '#ec2255'),
(17, 'MORADO', 14, '#ee00ff'),
(18, 'MULTICOLOR 1', 20, '#000000'),
(19, 'MULTICOLOR 2', 21, '#000000'),
(20, 'MULTICOLOR 3', 22, '#000000'),
(21, 'MULTICOLOR 4', 23, '#000000'),
(22, 'ESPEJO', 30, '#c7c7c7'),
(23, 'IRIDISCENTE', 31, '#000000'),
(24, 'METALICA', 32, '#000000'),
(25, 'GRIS', 15, '#8c8c8c'),
(26, 'DESIGN', 40, '#000000'),
(27, 'ARENA', 41, '#000000'),
(28, 'DEGRADADO', 33, '#000000'),
(29, 'MALVA', 16, '#cdc3f3'),
(30, 'DORADO', 17, '#e3e60f'),
(31, 'PISTACHO', 18, '#cdf53d'),
(32, 'CELESTE', 19, '#70e0eb'),
(33, 'PLATA', 34, '#c9c5c5'),
(34, 'CALBLANQUE', 42, '#e9c767'),
(35, 'CAMPOAMOR', 43, '#714f28'),
(36, 'VINO', 45, '#7a0000');

--
-- Volcado de datos para la tabla `marca`
--

INSERT INTO `marca` (`idMarca`, `nombreMarca`, `refMarca`) VALUES
(1, 'iPhone', 11),
(2, 'Samsung', 12),
(3, 'Xiaomi', 13),
(4, 'Realme', 14),
(5, 'Oppo', 15),
(6, 'Vivo', 16),
(7, 'ZTE', 17),
(8, 'LG', 18),
(9, 'Sony', 19),
(10, 'Alcatel', 20),
(11, 'TCL', 21),
(12, 'One Plus', 22),
(14, 'Huawei', 23),
(15, 'Honor', 24),
(16, 'Motorola', 25),
(17, 'Universal', 99),
(18, 'Accesorios', 98),
(22, 'Nokia', 26);

--
-- Volcado de datos para la tabla `modelo`
--

INSERT INTO `modelo` (`idModelo`, `nombreModelo`, `idMarca`, `idYear`, `refModelo`) VALUES
(1, '13', 1, 2, 13),
(2, '13 Pro', 1, 2, 14),
(3, '13 Pro Max', 1, 2, 15),
(4, '13 Mini', 1, 2, 16),
(5, '12', 1, 3, 12),
(6, '12 Pro', 1, 3, 13),
(7, '12 Pro Max', 1, 3, 14),
(8, '12 Mini', 1, 3, 15),
(9, '11', 1, 4, 11),
(10, '11 Pro', 1, 4, 12),
(11, '11 Pro Max', 1, 4, 13),
(12, 'SE (22)', 1, 1, 11),
(13, 'SE (20)', 1, 3, 20),
(14, 'XS', 1, 5, 11),
(15, 'XS Max', 1, 5, 12),
(16, 'XR', 1, 5, 13),
(17, 'X', 1, 6, 10),
(18, '8', 1, 6, 11),
(19, '8 Plus', 1, 6, 12),
(20, '7', 1, 19, 17),
(21, '7 Plus', 1, 19, 18),
(22, '6', 1, 19, 26),
(23, '6S', 1, 19, 27),
(24, '6 Plus', 1, 19, 28),
(25, '6S Plus', 1, 19, 29),
(26, 'SE (16)', 1, 19, 16),
(27, '5S', 1, 19, 15),
(28, 'Galaxy A03S', 2, 1, 43),
(29, 'Galaxy A13', 2, 1, 13),
(30, 'Galaxy A13 5G', 2, 1, 14),
(31, 'Galaxy A33 5G', 2, 1, 33),
(32, 'Galaxy A53 5G', 2, 1, 53),
(33, 'Galaxy A73', 2, 1, 73),
(34, 'Galaxy S22Fe', 2, 1, 23),
(35, 'Galaxy S22', 2, 1, 22),
(36, 'Galaxy S22 Plus', 2, 1, 24),
(37, 'Galaxy S22 Ultra', 2, 1, 25),
(38, 'Galaxy A02/M02', 2, 2, 82),
(39, 'Galaxy A02S', 2, 2, 14),
(40, 'Galaxy A12', 2, 2, 12),
(41, 'Galaxy A22 4G', 2, 2, 22),
(42, 'Galaxy A22 5G', 2, 2, 23),
(43, 'Galaxy A32 4G', 2, 2, 32),
(44, 'Galaxy A32 5G', 2, 2, 33),
(45, 'Galaxy A42 4G/5G', 2, 2, 42),
(46, 'Galaxy A52 4G/5G/A52S', 2, 2, 52),
(47, 'Galaxy A72 4G/5G', 2, 2, 72),
(48, 'Galaxy S21', 2, 2, 91),
(49, 'Galaxy S21 FE', 2, 2, 92),
(50, 'Galaxy S21 Plus', 2, 2, 93),
(51, 'Galaxy S21 Ultra', 2, 2, 94),
(52, 'Galaxy Note 21', 2, 2, 95),
(53, 'Galaxy Note 21 Ultra', 2, 2, 96),
(54, 'Galaxy A11', 2, 3, 11),
(55, 'Galaxy A21', 2, 3, 21),
(56, 'Galaxy A21S', 2, 3, 22),
(57, 'Galaxy A31', 2, 3, 31),
(58, 'Galaxy A41', 2, 3, 41),
(59, 'Galaxy A51', 2, 3, 51),
(60, 'Galaxy A71', 2, 3, 71),
(61, 'Galaxy S20FE', 2, 3, 19),
(62, 'Galaxy S20', 2, 3, 90),
(63, 'Galaxy S20 Plus', 2, 3, 91),
(64, 'Galaxy S20 Ultra', 2, 3, 92),
(65, 'Galaxy Note 20', 2, 3, 94),
(66, 'Galaxy Note 20 Ultra', 2, 3, 95),
(67, 'Galaxy A01', 2, 4, 41),
(68, 'Galaxy A10', 2, 4, 10),
(69, 'Galaxy A20E /A10E', 2, 4, 19),
(70, 'Galaxy A20S', 2, 4, 21),
(71, 'Galaxy A40', 2, 4, 40),
(72, 'Galaxy A50', 2, 4, 50),
(73, 'Galaxy A70', 2, 4, 70),
(74, 'Galaxy S10', 2, 4, 20),
(75, 'Galaxy S10 Lite', 2, 4, 49),
(76, 'Galaxy S10 Plus', 2, 4, 11),
(77, 'Galaxy S10E', 2, 4, 12),
(78, 'Galaxy Note 10', 2, 4, 13),
(79, 'Galaxy Note 10 Lite', 2, 4, 14),
(80, 'Galaxy Note 10 Plus', 2, 4, 15),
(81, '12', 3, 1, 12),
(82, '12X', 3, 1, 13),
(83, '12 Pro', 3, 1, 15),
(84, 'Mi 11', 3, 2, 11),
(85, 'Mi 11 Lite', 3, 2, 12),
(86, 'Mi 11 Lite 5G', 3, 2, 13),
(87, '11 Lite 5G NE', 3, 2, 14),
(88, '11T 5G', 3, 2, 15),
(89, '11T Pro 5G', 3, 2, 16),
(90, 'Mi 11i 5G', 3, 2, 17),
(91, 'Mi 11 Ultra', 3, 2, 18),
(92, 'MI 10', 3, 3, 10),
(93, 'MI 10 LITE', 3, 3, 11),
(94, 'MI 10 LITE 5G', 3, 3, 12),
(95, 'MI 10 PRO', 3, 3, 13),
(96, 'MI 10T 5G', 3, 3, 14),
(97, 'MI 10T LITE 5G', 3, 3, 15),
(98, 'MI 10T PRO 5G', 3, 3, 16),
(100, 'REDMI NOTE 11', 3, 1, 21),
(101, 'REDMI NOTE 11S', 3, 1, 22),
(102, 'REDMI NOTE 11 PRO', 3, 1, 23),
(103, 'REDMI NOTE 11 PRO 5G', 3, 1, 24),
(104, 'REDMI NOTE 11 PRO+ 5G', 3, 1, 25),
(105, 'REDMI 10', 3, 2, 10),
(106, 'REDMI 10C', 3, 1, 10),
(107, 'REDMI NOTE 10', 3, 2, 22),
(108, 'REDMI NOTE 10 PRO', 3, 2, 23),
(109, 'REDMI NOTE 10 5G', 3, 2, 24),
(110, 'REDMI 9', 3, 3, 19),
(111, 'REDMI 9A', 3, 3, 20),
(112, 'REDMI 9C', 3, 3, 22),
(113, 'REDMI 9AT', 3, 3, 21),
(114, 'REDMI NOTE 9', 3, 3, 29),
(115, 'REDMI NOTE 9S', 3, 3, 30),
(116, 'REDMI NOTE 9 PRO', 3, 3, 31),
(117, 'Galaxy M53 5G', 2, 1, 54),
(119, 'Galaxy A71 5G', 2, 3, 72),
(120, 'Galaxy S22 Pro', 2, 1, 63),
(121, 'Redmi 8', 3, 4, 18),
(122, 'Redmi 8A', 3, 4, 19),
(123, 'Redmi Note 8 Pro', 3, 4, 20),
(124, 'MI 8', 3, 5, 28),
(125, 'MI A2 Lite / Redmi 6 Pro', 3, 5, 32),
(126, 'MI A2 / MI 6X', 3, 5, 33),
(127, 'REDMI 9T', 3, 2, 19),
(128, 'MI 9', 3, 4, 39),
(129, 'MI 9 LITE', 3, 4, 40),
(130, 'MI 9 PRO', 3, 4, 41),
(131, 'Poco M3 Pro 5G', 3, 2, 63),
(132, 'POCO X4 PRO 5G', 3, 1, 44),
(133, 'X8', 15, 1, 18),
(134, 'X30i', 15, 2, 31),
(135, 'Velvet 5G', 8, 3, 10),
(136, 'A15', 5, 3, 15),
(137, 'A16', 5, 2, 16),
(138, 'A52', 5, 3, 52),
(139, 'A72', 5, 3, 72),
(140, 'A92', 5, 3, 92),
(141, 'A53', 5, 3, 53),
(142, 'A32', 5, 3, 32),
(143, 'A33', 5, 3, 33),
(144, 'F17', 5, 3, 17),
(145, 'A73', 5, 3, 73),
(146, 'A74 4G', 5, 2, 74),
(147, 'A74 5G', 5, 2, 75),
(148, 'A93 4G', 5, 3, 93),
(149, 'A93 5G', 5, 2, 93),
(150, 'A94 5G', 5, 2, 94),
(151, 'REDMI NOTE 10S', 3, 2, 32),
(152, 'MI 8 Lite', 3, 5, 68),
(153, 'MI 7', 3, 6, 67),
(154, 'Blade V20 smart', 7, 3, 20),
(155, 'Blade V30 Vita', 7, 2, 30),
(156, 'Blade A31', 7, 2, 31),
(157, 'Blade A51', 7, 2, 51),
(158, 'Blade A71', 7, 2, 71),
(159, 'Y21', 6, 2, 21),
(160, 'Y21s', 6, 2, 22),
(161, 'Y33S', 6, 2, 33),
(162, 'Y11S', 6, 3, 11),
(163, 'Y20i', 6, 3, 21),
(164, 'Y20s', 6, 3, 20),
(165, 'C3', 4, 3, 13),
(166, '5', 4, 4, 15),
(167, '9i', 4, 1, 19),
(168, 'A36', 5, 1, 36),
(169, '9 Pro Plus', 4, 1, 99),
(170, 'Moto E20', 16, 2, 20),
(171, 'Moto E40', 16, 2, 40),
(172, '20R 5G', 11, 2, 20),
(173, '1B (2020)', 10, 3, 11),
(174, '1SE (2020)', 10, 3, 12),
(175, '1SE (2021)', 10, 2, 12),
(176, '3L (2021)', 10, 2, 31),
(177, 'G 5G PLUS', 16, 2, 55),
(178, '20i', 15, 3, 20),
(179, '20 lite', 15, 3, 21),
(180, '14', 1, 1, 14),
(181, '14 Pro', 1, 1, 15),
(182, '14 Plus', 1, 1, 16),
(183, '14 Pro Max', 1, 1, 17),
(184, 'Redmi Note 8', 3, 4, 28),
(185, 'Galaxy A03 Core', 2, 1, 44),
(186, 'Redmi Note 8T', 3, 4, 29),
(190, 'Poco X3 PRO 5G', 3, 2, 64),
(191, 'Poco X3', 3, 2, 65),
(192, 'REDMI 10A', 3, 1, 11),
(193, 'REDMI NOTE 9C', 3, 1, 33),
(194, 'Poco C3', 3, 1, 60),
(195, 'P SMART 19', 14, 4, 19),
(196, 'C31', 4, 2, 31),
(198, 'Galaxy A04s', 2, 1, 46),
(199, 'Galaxy A04', 2, 20, 13),
(200, '12T', 3, 1, 16),
(201, '12 Lite', 3, 1, 14),
(202, 'Galaxy A14', 2, 20, 14),
(203, 'C33', 4, 1, 33),
(204, 'Galaxy A54', 2, 20, 54),
(205, 'Redmi 12C', 3, 20, 92),
(206, 'Redmi 11A', 3, 20, 91),
(208, 'Galaxy A34 5G', 2, 20, 34),
(209, 'Galaxy S23', 2, 20, 93),
(210, 'Galaxy S23 Plus', 2, 20, 92),
(211, 'Galaxy S23 Ultra', 2, 20, 94),
(212, 'Galaxy A51 5G', 2, 3, 52),
(213, 'Galaxy A23 4G', 2, 1, 93),
(214, 'Galaxy M23 4G', 2, 1, 94),
(215, 'Galaxy M13 4G', 2, 1, 95),
(216, '13 Lite', 3, 20, 14),
(217, '13', 3, 20, 13),
(218, '13 Pro', 3, 20, 15),
(219, 'C30', 4, 1, 30),
(220, 'C30S', 4, 1, 31),
(221, 'Narzo 50i Prime', 4, 1, 51),
(222, 'C21Y', 4, 2, 22),
(223, 'C25Y', 4, 2, 26),
(224, 'C11', 4, 3, 11),
(225, 'C35', 4, 1, 35),
(226, 'X7', 15, 1, 17),
(227, 'REDMI NOTE 12', 3, 20, 32),
(228, 'REDMI NOTE 12 5G', 3, 20, 36),
(229, 'Reno 7 5G', 5, 1, 17),
(230, 'Find X5 Lite', 5, 1, 15),
(231, 'FUNDA', 17, 20, 11),
(232, 'Colgante', 18, 20, 11),
(233, 'Correas', 18, 20, 12),
(234, 'Poco C55', 3, 20, 55),
(235, 'P 30 Lite', 14, 4, 31),
(236, 'Galaxy A24', 2, 20, 24),
(237, 'REDMI NOTE 12 Pro 5G', 3, 20, 33),
(238, 'REDMI NOTE 12 Pro', 3, 20, 34),
(239, '15', 1, 20, 15),
(240, '15 Plus', 1, 20, 16),
(241, '15 Pro', 1, 20, 17),
(242, '15 Pro Max', 1, 20, 18),
(243, 'Galaxy A23 5G', 2, 1, 96),
(244, 'Galaxy A05', 2, 21, 11),
(245, 'Galaxy A05S', 2, 21, 12),
(246, 'Galaxy A15', 2, 21, 15),
(247, 'Galaxy S23 FE 5G', 2, 21, 23),
(248, 'Galaxy S24', 2, 21, 94),
(249, 'Galaxy S24 Plus', 2, 21, 95),
(250, 'Galaxy S24 Ultra', 2, 21, 96),
(251, 'A96 4G', 5, 1, 96),
(252, 'A76 4G', 5, 1, 76),
(253, 'A98 5G', 5, 20, 98),
(254, 'A57S', 5, 1, 57),
(255, 'A77 4G', 5, 1, 77),
(256, 'A58 4G', 5, 20, 58),
(257, 'A58 5G', 5, 1, 58),
(258, 'A78 5G', 5, 20, 78),
(259, 'A78 4G', 5, 20, 77),
(260, 'Reno 10', 5, 20, 10),
(261, 'C53', 4, 20, 53),
(262, 'Narzo N53', 4, 20, 54),
(263, 'C55', 4, 20, 55),
(264, 'Redmi 13C', 3, 21, 12),
(265, 'Blade V40 Vita', 7, 1, 40),
(266, 'G22', 16, 1, 22),
(267, 'Blade A72S', 7, 20, 73),
(268, 'Blade A54', 7, 20, 54),
(269, 'Redmi Note 13 4G', 3, 21, 23),
(270, '90 Lite', 15, 20, 89),
(271, 'Redmi note 13 Pro', 3, 21, 33),
(272, 'Redmi Note 13 5G', 3, 21, 25),
(273, 'Redmi Note 10 Pro 5G', 3, 2, 25),
(274, 'Poco C65', 3, 21, 65),
(275, 'Galaxy A25', 2, 21, 25),
(276, 'A60', 5, 21, 60),
(277, 'G04', 16, 21, 14),
(278, 'V50 Design 4G', 7, 21, 50),
(279, 'G24', 16, 21, 24),
(280, 'G14', 16, 21, 16),
(281, '12T PRO', 3, 1, 17),
(289, 'Galaxy J7 2015', 2, 25, 11),
(290, 'Galaxy J4 2018', 2, 25, 12),
(291, 'Galaxy J3 2017', 2, 25, 13),
(293, 'Galaxy J6 2019', 2, 25, 14),
(294, 'Galaxy J6 2018', 2, 25, 15),
(295, 'Galaxy A20/A30', 2, 25, 16),
(296, 'Galaxy A5', 2, 25, 17),
(297, 'Galaxy A8', 2, 25, 18),
(298, 'Galaxy S5 mini', 2, 25, 19),
(299, 'Galaxy A3', 2, 25, 20),
(300, 'Galaxy A8 2018', 2, 25, 21),
(301, 'Galaxy A60', 2, 25, 22),
(302, 'Galaxy S6 Edge', 2, 25, 23),
(303, 'Galaxy S7', 2, 25, 25),
(304, 'Galaxy S7 Plus', 2, 25, 26),
(305, 'Galaxy NOTE 9', 2, 25, 27),
(306, 'Redmi 13', 3, 21, 1),
(307, 'Redmi A3', 3, 21, 2),
(308, 'Blade A34', 7, 20, 1),
(310, 'GALAXY A36', 2, 22, 36),
(311, 'GALAXY A56', 2, 22, 56),
(312, 'Galaxy S25 ULTRA', 2, 22, 27),
(313, 'Galaxy S24 FE', 2, 21, 24),
(314, 'Galaxy A26', 2, 22, 26),
(315, 'Galaxy A16', 2, 22, 16),
(316, 'GALAXY A06', 2, 22, 6),
(317, 'GALAXY A35', 2, 21, 35),
(318, 'REDMI NOTE 14 5G', 3, 22, 1),
(319, 'REDMI 14 PRO 5G', 3, 22, 2),
(320, 'G84 5G', 16, 21, 84),
(321, '14C 4G', 3, 22, 15),
(322, '13 PRO 4G', 3, 20, 11),
(323, '14T PRO', 3, 22, 20),
(324, 'MI 15', 3, 22, 25),
(325, 'MI 15 PRO', 3, 22, 26),
(326, 'MI 14', 3, 20, 26),
(327, '16', 1, 21, 16),
(328, '16 Plus', 1, 21, 17);

--
-- Volcado de datos para la tabla `relacionados`
--

INSERT INTO `relacionados` (`idRel`, `idsRelacionados`) VALUES
(2, 'a:2:{i:0;s:1:\"5\";i:1;s:1:\"6\";}'),
(3, 'a:4:{i:0;s:2:\"12\";i:1;s:2:\"13\";i:2;s:2:\"18\";i:3;s:2:\"20\";}'),
(4, 'a:2:{i:0;s:2:\"14\";i:1;s:2:\"17\";}'),
(5, 'a:2:{i:0;s:2:\"22\";i:1;s:2:\"23\";}'),
(6, 'a:2:{i:0;s:2:\"24\";i:1;s:2:\"25\";}'),
(7, 'a:2:{i:0;s:2:\"28\";i:1;s:2:\"39\";}'),
(8, 'a:2:{i:0;s:2:\"26\";i:1;s:2:\"27\";}'),
(9, 'a:2:{i:0;s:2:\"36\";i:1;s:3:\"120\";}'),
(11, 'a:2:{i:0;s:3:\"133\";i:1;s:3:\"134\";}'),
(12, 'a:3:{i:0;s:3:\"141\";i:1;s:3:\"142\";i:2;s:3:\"143\";}'),
(13, 'a:3:{i:0;s:3:\"138\";i:1;s:3:\"139\";i:2;s:3:\"140\";}'),
(14, 'a:2:{i:0;s:3:\"128\";i:1;s:3:\"130\";}'),
(15, 'a:2:{i:0;s:2:\"96\";i:1;s:2:\"98\";}'),
(16, 'a:2:{i:0;s:2:\"84\";i:1;s:2:\"89\";}'),
(17, 'a:2:{i:0;s:3:\"107\";i:1;s:3:\"151\";}'),
(18, 'a:2:{i:0;s:3:\"100\";i:1;s:3:\"101\";}'),
(19, 'a:2:{i:0;s:3:\"165\";i:1;s:3:\"166\";}'),
(20, 'a:3:{i:0;s:3:\"159\";i:1;s:3:\"160\";i:2;s:3:\"161\";}'),
(21, 'a:3:{i:0;s:3:\"162\";i:1;s:3:\"163\";i:2;s:3:\"164\";}'),
(22, 'a:2:{i:0;s:3:\"167\";i:1;s:3:\"168\";}'),
(23, 'a:2:{i:0;s:3:\"175\";i:1;s:3:\"176\";}'),
(24, 'a:2:{i:0;s:3:\"170\";i:1;s:3:\"171\";}'),
(25, 'a:2:{i:0;s:3:\"178\";i:1;s:3:\"179\";}'),
(26, 'a:2:{i:0;s:3:\"144\";i:1;s:3:\"145\";}'),
(27, 'a:2:{i:0;s:3:\"147\";i:1;s:3:\"149\";}'),
(28, 'a:2:{i:0;s:2:\"19\";i:1;s:2:\"21\";}'),
(29, 'a:2:{i:0;s:3:\"190\";i:1;s:3:\"191\";}'),
(30, 'a:2:{i:0;s:3:\"112\";i:1;s:3:\"192\";}'),
(31, 'a:2:{i:0;s:3:\"193\";i:1;s:3:\"194\";}'),
(34, 'a:2:{i:0;s:2:\"30\";i:1;s:3:\"198\";}'),
(39, 'a:2:{i:0;s:3:\"222\";i:1;s:3:\"223\";}'),
(40, 'a:2:{i:0;s:3:\"229\";i:1;s:3:\"230\";}'),
(41, 'a:3:{i:0;s:3:\"205\";i:1;s:3:\"206\";i:2;s:3:\"234\";}'),
(43, 'a:3:{i:0;s:3:\"102\";i:1;s:3:\"103\";i:2;s:3:\"238\";}'),
(44, 'a:4:{i:0;s:3:\"213\";i:1;s:3:\"243\";i:2;s:3:\"215\";i:3;s:3:\"214\";}'),
(45, 'a:3:{i:0;s:3:\"168\";i:1;s:3:\"252\";i:2;s:3:\"251\";}'),
(46, 'a:2:{i:0;s:3:\"257\";i:1;s:3:\"258\";}'),
(47, 'a:2:{i:0;s:3:\"261\";i:1;s:3:\"262\";}'),
(49, 'a:2:{i:0;s:3:\"274\";i:1;s:3:\"264\";}'),
(50, 'a:2:{i:0;s:3:\"236\";i:1;s:3:\"275\";}'),
(51, 'a:2:{i:0;s:3:\"200\";i:1;s:3:\"281\";}'),
(53, 'a:3:{i:0;s:3:\"219\";i:1;s:3:\"220\";i:2;s:3:\"221\";}');
--
-- Volcado de datos para la tabla `stock`
--

INSERT INTO `stock` (`idStock`, `idModelo`, `idTipo`, `idColor`, `stock`, `usarRel`, `idRel`, `modificado`) VALUES
(2, 1, 2, 1, 0, 0, 0, '2024-08-13'),
(3, 1, 14, 12, 1, 0, 0, '2024-08-13'),
(4, 1, 5, 10, 0, 0, 0, '2024-08-13'),
(5, 1, 5, 29, 0, 0, 0, '2024-08-13'),
(6, 1, 5, 11, 0, 0, 0, '2024-08-13'),
(7, 1, 7, 1, 0, 0, 0, '2024-08-13'),
(8, 1, 13, 2, 0, 0, 0, '2024-08-13'),
(9, 1, 5, 2, 1, 0, 0, '2024-08-13'),
(10, 1, 5, 7, 0, 0, 0, '2024-08-13'),
(11, 1, 15, 1, 0, 0, 0, '2024-08-13'),
(12, 1, 14, 18, 0, 0, 0, '2024-08-13'),
(13, 1, 14, 19, 1, 0, 0, '2024-08-13'),
(15, 1, 14, 6, 1, 0, 0, '2025-03-11'),
(17, 4, 5, 2, 0, 0, 0, '2024-08-13'),
(18, 4, 5, 6, 1, 1, 0, '2024-08-13'),
(19, 4, 5, 7, 1, 0, 0, '2024-08-13'),
(20, 4, 5, 11, 1, 0, 0, '2024-08-13'),
(21, 4, 5, 12, 1, 0, 0, '2024-08-13'),
(22, 4, 5, 1, 1, 0, 0, '2024-08-13'),
(24, 2, 15, 2, 0, 0, 0, '2024-08-13'),
(25, 2, 5, 11, 0, 0, 0, '2024-08-13'),
(26, 2, 5, 7, 1, 0, 0, '2024-08-13'),
(27, 2, 2, 1, 1, 0, 0, '2024-08-13'),
(29, 2, 5, 2, 4, 0, 0, '2024-08-13'),
(30, 2, 14, 18, 0, 0, 0, '2024-08-13'),
(31, 2, 5, 6, 0, 0, 0, '2024-08-13'),
(32, 3, 20, 23, 1, 0, 0, '2024-08-13'),
(33, 3, 15, 1, 0, 0, 0, '2024-08-13'),
(34, 3, 2, 1, 1, 0, 0, '2024-08-30'),
(35, 3, 5, 6, 1, 0, 0, '2024-08-13'),
(36, 3, 5, 2, 1, 0, 0, '2024-08-13'),
(37, 3, 14, 18, 2, 0, 0, '2024-08-13'),
(38, 3, 14, 19, 1, 0, 0, '2024-08-13'),
(39, 3, 5, 7, 1, 0, 0, '2024-08-13'),
(40, 3, 5, 12, 1, 0, 0, '2024-08-13'),
(41, 3, 7, 28, 1, 0, 0, '2024-08-13'),
(42, 3, 13, 2, 0, 0, 0, '2024-08-13'),
(44, 2, 7, 1, 0, 0, 0, '2024-08-13'),
(45, 2, 5, 19, 0, 0, 0, '2024-08-13'),
(47, 1, 20, 23, 0, 0, 0, '2024-08-13'),
(48, 5, 14, 19, 3, 0, 0, '2024-08-13'),
(49, 5, 16, 1, 1, 1, 2, '2024-08-13'),
(50, 5, 14, 29, 2, 0, 0, '2024-08-13'),
(51, 5, 14, 2, 2, 0, 0, '2024-08-13'),
(52, 5, 14, 30, 0, 0, 0, '2024-08-13'),
(53, 5, 14, 14, 0, 0, 0, '2024-08-13'),
(54, 5, 14, 6, 2, 0, 0, '2024-08-13'),
(55, 5, 14, 7, 1, 0, 0, '2024-08-13'),
(56, 5, 14, 11, 0, 0, 0, '2024-08-13'),
(57, 5, 21, 22, 1, 0, 0, '2024-08-13'),
(58, 5, 27, 8, 1, 0, 0, '2024-08-13'),
(59, 5, 5, 7, 1, 1, 2, '2024-08-13'),
(60, 5, 5, 11, 0, 1, 2, '2024-08-13'),
(61, 5, 5, 2, 0, 1, 2, '2024-08-13'),
(62, 5, 2, 1, 1, 1, 2, '2024-08-13'),
(63, 5, 7, 1, 1, 1, 2, '2024-08-13'),
(64, 8, 5, 11, 1, 0, 0, '2024-09-04'),
(65, 8, 9, 1, 2, 0, 0, '2024-08-13'),
(66, 8, 2, 1, 0, 0, 0, '2024-08-13'),
(67, 8, 5, 31, 1, 0, 0, '2024-08-13'),
(68, 8, 5, 6, 2, 0, 0, '2024-08-13'),
(69, 8, 5, 9, 0, 0, 0, '2024-08-13'),
(70, 8, 5, 2, 0, 0, 0, '2024-08-13'),
(71, 8, 5, 7, 2, 0, 0, '2024-08-13'),
(75, 7, 13, 7, 1, 0, 0, '2024-08-13'),
(76, 7, 14, 18, 1, 0, 0, '2024-08-13'),
(77, 7, 17, 1, 1, 0, 0, '2024-08-13'),
(78, 7, 17, 7, 0, 0, 0, '2024-08-13'),
(79, 7, 5, 7, 1, 0, 0, '2024-08-13'),
(80, 7, 5, 6, 1, 0, 0, '2024-08-13'),
(81, 7, 5, 9, 1, 0, 0, '2024-08-13'),
(82, 7, 5, 2, 1, 0, 0, '2024-08-13'),
(83, 7, 16, 1, 0, 0, 0, '2024-08-13'),
(84, 7, 2, 1, 1, 0, 0, '2024-08-13'),
(85, 7, 9, 1, 1, 0, 0, '2024-08-13'),
(86, 11, 26, 7, 1, 0, 0, '2024-08-13'),
(87, 11, 13, 2, 1, 0, 0, '2024-08-13'),
(88, 11, 26, 2, 1, 0, 0, '2024-08-13'),
(89, 11, 7, 8, 0, 0, 0, '2024-08-13'),
(90, 11, 7, 27, 1, 0, 0, '2024-09-23'),
(91, 11, 10, 32, 1, 0, 0, '2024-08-13'),
(92, 11, 5, 2, 0, 0, 0, '2024-08-13'),
(93, 11, 5, 29, 1, 0, 0, '2024-08-13'),
(94, 11, 5, 7, 2, 0, 0, '2024-08-13'),
(95, 11, 7, 13, 1, 0, 0, '2024-08-13'),
(96, 10, 5, 7, 1, 0, 0, '2024-08-13'),
(97, 10, 5, 2, 1, 0, 0, '2024-08-13'),
(98, 10, 5, 29, 0, 0, 0, '2024-08-13'),
(99, 10, 5, 6, 0, 0, 0, '2024-08-13'),
(100, 10, 2, 1, 1, 0, 0, '2024-08-13'),
(101, 10, 4, 1, 1, 0, 0, '2024-08-13'),
(102, 10, 14, 28, 1, 0, 0, '2024-10-14'),
(103, 10, 14, 26, 2, 0, 0, '2024-08-13'),
(104, 9, 14, 6, 1, 0, 0, '2025-03-11'),
(105, 9, 14, 17, 0, 0, 0, '2024-08-13'),
(108, 9, 5, 7, 0, 0, 0, '2024-08-13'),
(109, 9, 14, 9, 0, 0, 0, '2024-08-13'),
(110, 9, 14, 32, 4, 0, 0, '2025-03-11'),
(111, 9, 14, 2, 2, 0, 0, '2025-03-11'),
(112, 14, 8, 10, 0, 1, 4, '2024-08-13'),
(113, 14, 14, 32, 0, 1, 4, '2024-08-13'),
(114, 14, 8, 2, 0, 1, 4, '2024-08-13'),
(115, 14, 8, 6, 0, 1, 4, '2024-08-13'),
(116, 14, 14, 7, 0, 1, 4, '2024-08-13'),
(117, 14, 14, 2, 0, 1, 4, '2024-08-13'),
(118, 14, 14, 6, 1, 1, 4, '2024-08-13'),
(119, 14, 14, 10, 1, 0, 0, '2024-08-13'),
(120, 14, 14, 30, 0, 1, 4, '2024-08-13'),
(121, 14, 2, 1, 0, 0, 0, '2024-08-13'),
(123, 15, 8, 30, 1, 0, 0, '2024-08-13'),
(124, 15, 8, 6, 1, 0, 0, '2024-08-13'),
(125, 15, 8, 10, 1, 0, 0, '2024-08-13'),
(126, 15, 2, 10, 1, 0, 0, '2024-08-13'),
(127, 15, 2, 1, 1, 0, 0, '2024-08-13'),
(128, 16, 14, 28, 0, 0, 0, '2024-08-13'),
(129, 16, 9, 1, 0, 0, 0, '2024-08-13'),
(131, 16, 2, 10, 0, 0, 0, '2024-08-13'),
(132, 16, 5, 6, 0, 0, 0, '2024-08-13'),
(133, 16, 5, 2, 0, 0, 0, '2024-08-13'),
(134, 16, 5, 7, 0, 0, 0, '2024-08-13'),
(135, 20, 13, 10, 0, 1, 3, '2024-08-13'),
(136, 20, 13, 2, 0, 1, 3, '2024-08-13'),
(137, 20, 14, 7, 1, 1, 3, '2024-08-13'),
(139, 20, 5, 2, 2, 1, 3, '2025-03-11'),
(140, 20, 7, 28, 0, 1, 3, '2024-08-13'),
(142, 20, 4, 1, 0, 1, 3, '2024-08-13'),
(143, 20, 13, 6, 0, 1, 3, '2024-08-13'),
(144, 20, 5, 10, 0, 1, 3, '2024-08-13'),
(148, 24, 7, 2, 1, 1, 6, '2024-08-13'),
(149, 24, 18, 7, 1, 1, 6, '2024-08-13'),
(150, 24, 2, 10, 1, 1, 6, '2024-08-13'),
(151, 24, 2, 1, 1, 1, 6, '2024-08-13'),
(152, 24, 10, 2, 1, 1, 6, '2024-08-13'),
(153, 24, 7, 1, 1, 1, 6, '2024-08-13'),
(154, 23, 4, 2, 0, 1, 5, '2024-08-13'),
(155, 21, 14, 7, 0, 1, 0, '2024-08-26'),
(156, 21, 14, 28, 0, 1, 0, '2024-08-13'),
(157, 12, 2, 1, 2, 1, 3, '2024-08-13'),
(158, 20, 6, 26, 0, 1, 3, '2024-08-13'),
(159, 20, 14, 7, 0, 1, 3, '2024-08-13'),
(160, 4, 20, 23, 0, 0, 0, '2024-08-13'),
(162, 8, 4, 1, 0, 0, 0, '2024-08-13'),
(163, 5, 14, 33, 1, 0, 0, '2024-08-16'),
(164, 11, 22, 9, 0, 0, 0, '2024-08-13'),
(165, 11, 23, 25, 2, 0, 0, '2024-08-13'),
(166, 11, 2, 1, 0, 0, 0, '2024-08-13'),
(167, 20, 24, 26, 1, 1, 3, '2024-08-13'),
(168, 28, 14, 7, 2, 1, 7, '2024-08-13'),
(169, 28, 14, 2, 1, 1, 7, '2024-08-13'),
(170, 28, 14, 29, 0, 1, 7, '2024-08-13'),
(171, 28, 20, 23, 0, 1, 7, '2024-08-13'),
(172, 28, 2, 1, 0, 1, 7, '2024-08-13'),
(173, 29, 13, 2, 1, 0, 0, '2024-08-13'),
(174, 29, 13, 10, 0, 0, 0, '2024-08-13'),
(175, 29, 14, 7, 1, 0, 0, '2024-08-13'),
(176, 29, 23, 7, 2, 0, 0, '2024-08-13'),
(177, 30, 13, 6, 0, 1, 34, '2024-08-13'),
(178, 30, 14, 2, 2, 1, 34, '2024-08-13'),
(179, 30, 14, 10, 0, 1, 34, '2024-08-13'),
(180, 30, 14, 6, 1, 1, 34, '2024-08-13'),
(181, 30, 13, 10, 0, 1, 34, '2024-08-13'),
(182, 31, 14, 7, 1, 0, 0, '2024-08-13'),
(183, 31, 2, 1, 1, 0, 0, '2024-08-13'),
(184, 31, 14, 10, 0, 0, 0, '2024-08-13'),
(185, 31, 14, 6, 0, 0, 0, '2024-08-13'),
(186, 31, 14, 2, 0, 0, 0, '2024-08-13'),
(187, 32, 14, 2, 1, 0, 0, '2024-08-13'),
(188, 32, 14, 7, 1, 0, 0, '2024-08-13'),
(189, 32, 14, 6, 1, 0, 0, '2024-08-13'),
(190, 32, 14, 29, 0, 0, 0, '2024-08-13'),
(191, 32, 11, 10, 0, 0, 0, '2024-08-13'),
(192, 32, 11, 2, 0, 0, 0, '2024-08-13'),
(193, 42, 14, 7, 1, 0, 0, '2024-08-13'),
(194, 42, 2, 1, 1, 0, 0, '2024-08-13'),
(195, 42, 14, 2, 3, 0, 0, '2024-08-13'),
(196, 42, 20, 23, 0, 0, 0, '2024-08-13'),
(197, 42, 10, 2, 1, 0, 0, '2024-08-13'),
(198, 42, 4, 1, 3, 0, 0, '2024-08-13'),
(199, 43, 14, 7, 0, 0, 0, '2024-08-13'),
(200, 43, 14, 6, 0, 0, 0, '2024-08-13'),
(201, 43, 2, 1, 2, 0, 0, '2024-12-18'),
(202, 43, 14, 11, 0, 0, 0, '2024-08-13'),
(203, 44, 4, 1, 1, 1, 0, '2024-08-23'),
(204, 44, 5, 2, 1, 0, 0, '2024-08-13'),
(205, 44, 20, 23, 0, 0, 0, '2024-08-13'),
(206, 44, 5, 6, 1, 0, 0, '2024-08-13'),
(207, 44, 2, 1, 3, 0, 0, '2024-08-13'),
(208, 45, 13, 6, 2, 0, 0, '2024-08-13'),
(209, 45, 5, 6, 1, 0, 0, '2024-08-13'),
(210, 45, 5, 29, 1, 0, 0, '2024-08-13'),
(211, 45, 5, 7, 1, 0, 0, '2024-08-13'),
(212, 45, 5, 2, 1, 0, 0, '2024-08-13'),
(213, 45, 20, 23, 1, 0, 0, '2024-08-13'),
(214, 45, 16, 1, 1, 0, 0, '2024-08-13'),
(215, 45, 2, 1, 2, 0, 0, '2024-08-13'),
(216, 54, 5, 7, 1, 0, 0, '2024-08-13'),
(217, 54, 5, 11, 1, 0, 0, '2024-08-13'),
(218, 54, 5, 2, 1, 0, 0, '2024-08-13'),
(219, 54, 9, 1, 1, 0, 0, '2024-08-13'),
(220, 54, 7, 1, 2, 0, 0, '2024-08-13'),
(221, 55, 5, 11, 1, 0, 0, '2024-08-13'),
(222, 55, 9, 1, 1, 0, 0, '2024-08-13'),
(223, 55, 5, 6, 0, 0, 0, '2024-08-13'),
(224, 55, 5, 2, 1, 0, 0, '2024-08-13'),
(225, 56, 5, 2, 0, 0, 0, '2024-08-13'),
(226, 56, 5, 6, 0, 0, 0, '2024-08-13'),
(227, 57, 5, 6, 1, 0, 0, '2024-08-13'),
(228, 57, 5, 7, 1, 0, 0, '2024-08-13'),
(229, 57, 2, 1, 1, 0, 0, '2024-08-13'),
(230, 67, 2, 1, 1, 0, 0, '2024-08-13'),
(231, 68, 2, 1, 1, 0, 0, '2024-08-13'),
(232, 68, 7, 1, 0, 0, 0, '2024-10-21'),
(233, 69, 16, 1, 0, 0, 0, '2024-08-13'),
(234, 69, 2, 1, 0, 0, 0, '2024-08-13'),
(235, 69, 5, 2, 0, 0, 0, '2024-08-13'),
(236, 69, 5, 7, 1, 0, 0, '2024-08-13'),
(237, 70, 2, 1, 1, 0, 0, '2024-08-13'),
(239, 117, 2, 1, 3, 0, 0, '2024-08-13'),
(240, 35, 4, 1, 0, 0, 0, '2024-08-13'),
(241, 35, 20, 23, 1, 0, 0, '2024-08-13'),
(242, 35, 8, 2, 1, 0, 0, '2024-08-13'),
(243, 37, 7, 1, 0, 0, 0, '2024-08-13'),
(244, 36, 7, 1, 1, 0, 0, '2024-08-13'),
(245, 28, 2, 1, 2, 1, 7, '2024-08-13'),
(246, 40, 2, 1, 0, 0, 0, '2024-08-13'),
(247, 40, 5, 6, 0, 0, 0, '2024-08-13'),
(248, 40, 5, 10, 0, 0, 0, '2024-08-13'),
(249, 40, 5, 2, 2, 0, 0, '2024-08-13'),
(250, 40, 20, 23, 0, 0, 0, '2024-08-13'),
(251, 40, 13, 7, 0, 0, 0, '2024-08-13'),
(252, 40, 14, 20, 0, 0, 0, '2024-08-13'),
(253, 41, 14, 2, 0, 0, 0, '2024-08-13'),
(254, 41, 14, 6, 1, 0, 0, '2024-08-13'),
(255, 41, 7, 1, 0, 0, 0, '2024-08-13'),
(256, 41, 14, 7, 1, 0, 0, '2024-08-13'),
(257, 41, 14, 11, 1, 0, 0, '2024-08-13'),
(258, 41, 4, 1, 0, 0, 0, '2024-08-13'),
(259, 46, 2, 1, 2, 0, 0, '2024-08-13'),
(260, 46, 5, 2, 0, 0, 0, '2024-08-13'),
(261, 46, 8, 2, 1, 0, 0, '2024-08-13'),
(262, 46, 20, 23, 0, 0, 0, '2024-08-13'),
(263, 46, 9, 30, 1, 0, 0, '2024-08-13'),
(264, 46, 23, 2, 1, 0, 0, '2024-08-16'),
(265, 46, 25, 6, 1, 0, 0, '2024-08-13'),
(266, 46, 2, 10, 1, 0, 0, '2024-08-13'),
(267, 46, 5, 6, 0, 0, 0, '2024-08-13'),
(268, 46, 10, 7, 0, 0, 0, '2024-08-13'),
(269, 47, 20, 23, 1, 0, 0, '2024-08-13'),
(270, 47, 2, 1, 1, 0, 0, '2024-08-13'),
(271, 47, 7, 1, 2, 0, 0, '2024-08-13'),
(272, 47, 5, 6, 1, 0, 0, '2024-08-13'),
(273, 47, 9, 30, 0, 0, 0, '2024-08-13'),
(274, 47, 5, 2, 1, 0, 0, '2024-08-13'),
(275, 47, 5, 10, 1, 0, 0, '2024-08-13'),
(276, 48, 5, 2, 1, 0, 0, '2024-08-13'),
(277, 48, 5, 6, 0, 0, 0, '2024-08-13'),
(278, 50, 5, 6, 1, 0, 0, '2024-08-13'),
(279, 50, 5, 2, 2, 0, 0, '2024-08-13'),
(280, 50, 5, 10, 2, 0, 0, '2024-08-13'),
(281, 50, 5, 7, 1, 0, 0, '2024-08-13'),
(282, 50, 10, 26, 1, 0, 0, '2024-08-13'),
(283, 51, 5, 11, 0, 0, 0, '2024-08-13'),
(284, 51, 8, 11, 1, 0, 0, '2024-08-13'),
(285, 51, 7, 26, 0, 0, 0, '2024-08-13'),
(286, 51, 25, 2, 0, 0, 0, '2024-08-13'),
(287, 60, 2, 1, 3, 0, 0, '2024-08-13'),
(288, 60, 5, 7, 2, 0, 0, '2024-08-13'),
(289, 60, 5, 6, 0, 0, 0, '2024-08-13'),
(290, 60, 10, 2, 1, 0, 0, '2024-08-13'),
(291, 58, 2, 1, 3, 0, 0, '2024-08-13'),
(292, 119, 7, 1, 2, 0, 0, '2024-08-13'),
(293, 119, 9, 1, 1, 0, 0, '2024-08-13'),
(294, 62, 2, 1, 0, 0, 0, '2024-08-13'),
(295, 62, 7, 1, 1, 0, 0, '2024-08-13'),
(296, 65, 2, 1, 0, 0, 0, '2024-08-13'),
(297, 64, 7, 1, 1, 0, 0, '2024-08-13'),
(298, 64, 5, 2, 1, 0, 0, '2024-08-13'),
(299, 64, 5, 11, 1, 0, 0, '2024-08-13'),
(300, 64, 5, 7, 2, 0, 0, '2024-08-13'),
(301, 61, 16, 1, 0, 0, 0, '2024-08-16'),
(302, 61, 2, 1, 0, 0, 0, '2024-08-13'),
(303, 72, 5, 2, 0, 0, 0, '2024-08-13'),
(304, 73, 2, 1, 1, 0, 0, '2024-08-13'),
(305, 73, 26, 2, 0, 0, 0, '2024-08-22'),
(306, 73, 16, 1, 0, 0, 0, '2024-08-13'),
(311, 74, 2, 1, 2, 0, 0, '2024-08-13'),
(312, 74, 26, 6, 0, 0, 0, '2024-08-13'),
(313, 77, 2, 1, 0, 0, 0, '2024-08-13'),
(314, 78, 7, 1, 1, 0, 0, '2024-08-13'),
(315, 78, 2, 1, 2, 0, 0, '2024-08-13'),
(316, 78, 7, 28, 0, 0, 0, '2024-08-13'),
(317, 78, 5, 2, 1, 0, 0, '2024-08-13'),
(318, 36, 10, 2, 0, 1, 0, '2024-08-13'),
(319, 122, 2, 1, 0, 1, 0, '2024-08-13'),
(320, 111, 14, 2, 0, 0, 0, '2024-08-13'),
(321, 111, 2, 1, 0, 0, 0, '2024-08-13'),
(322, 110, 5, 10, 0, 0, 0, '2024-08-13'),
(323, 110, 5, 2, 0, 0, 0, '2024-08-13'),
(324, 110, 2, 1, 0, 0, 0, '2024-08-13'),
(325, 127, 14, 11, 0, 0, 0, '2024-08-13'),
(326, 127, 14, 2, 0, 0, 0, '2024-08-13'),
(327, 129, 7, 1, 0, 0, 0, '2024-08-13'),
(328, 114, 14, 2, 0, 1, 0, '2024-08-13'),
(330, 105, 13, 10, 0, 0, 0, '2024-08-13'),
(331, 105, 4, 1, 1, 0, 0, '2024-08-13'),
(332, 105, 9, 1, 1, 0, 0, '2024-08-13'),
(333, 105, 10, 2, 1, 0, 0, '2024-08-13'),
(334, 105, 14, 11, 1, 0, 0, '2024-08-13'),
(335, 105, 14, 6, 0, 0, 0, '2024-08-13'),
(336, 105, 14, 2, 2, 0, 0, '2024-08-13'),
(337, 107, 10, 2, 2, 1, 17, '2024-08-13'),
(338, 107, 14, 11, 0, 1, 17, '2024-08-13'),
(339, 107, 14, 2, 2, 1, 17, '2024-08-13'),
(340, 107, 14, 6, 0, 1, 17, '2024-08-13'),
(341, 106, 14, 29, 0, 0, 0, '2024-08-13'),
(342, 106, 14, 7, 0, 0, 0, '2024-08-13'),
(343, 106, 14, 11, 0, 0, 0, '2024-08-13'),
(344, 106, 5, 2, 1, 0, 0, '2024-08-13'),
(345, 106, 5, 6, 0, 0, 0, '2024-08-13'),
(346, 106, 13, 10, 0, 0, 0, '2024-08-13'),
(347, 106, 13, 2, 0, 0, 0, '2024-08-13'),
(348, 108, 14, 11, 0, 0, 0, '2024-08-13'),
(349, 108, 14, 7, 0, 0, 0, '2024-08-13'),
(350, 100, 2, 1, 0, 1, 0, '2024-08-13'),
(351, 102, 4, 1, 0, 1, 32, '2024-09-27'),
(352, 102, 14, 2, 1, 1, 32, '2024-08-13'),
(353, 131, 10, 10, 2, 0, 0, '2024-08-13'),
(354, 124, 2, 1, 0, 0, 0, '2024-08-13'),
(355, 96, 5, 7, 1, 0, 0, '2024-08-13'),
(356, 87, 2, 1, 0, 0, 0, '2024-08-13'),
(357, 87, 14, 2, 1, 0, 0, '2024-08-13'),
(358, 87, 14, 6, 2, 0, 0, '2024-12-12'),
(359, 89, 4, 1, 0, 0, 0, '2024-08-13'),
(360, 89, 2, 1, 0, 0, 0, '2024-08-13'),
(361, 91, 9, 1, 1, 0, 0, '2024-08-13'),
(362, 125, 2, 1, 4, 0, 0, '2024-08-16'),
(363, 126, 2, 1, 1, 0, 0, '2024-08-16'),
(365, 273, 14, 2, 1, 0, 0, '2024-08-13'),
(366, 273, 14, 11, 1, 0, 0, '2024-08-13'),
(367, 84, 4, 1, 0, 0, 0, '2024-08-13'),
(368, 84, 2, 1, 0, 0, 0, '2024-08-13'),
(369, 69, 14, 7, 1, 0, 0, '2024-08-13'),
(370, 71, 14, 7, 0, 0, 0, '2024-08-13'),
(371, 67, 5, 7, 0, 0, 0, '2024-08-13'),
(372, 70, 5, 7, 0, 0, 0, '2024-08-13'),
(373, 72, 5, 7, 0, 0, 0, '2024-08-13'),
(374, 73, 5, 7, 0, 0, 0, '2024-08-13'),
(375, 75, 5, 7, 1, 0, 0, '2024-08-13'),
(376, 79, 5, 7, 0, 0, 0, '2024-08-13'),
(377, 56, 5, 7, 0, 0, 0, '2024-08-13'),
(378, 55, 5, 7, 0, 0, 0, '2024-08-13'),
(379, 59, 2, 1, 0, 0, 0, '2024-08-13'),
(380, 61, 5, 7, 0, 0, 0, '2024-08-13'),
(381, 47, 5, 7, 1, 0, 0, '2024-08-13'),
(382, 44, 5, 7, 0, 0, 0, '2024-08-13'),
(383, 28, 5, 7, 0, 1, 7, '2024-08-13'),
(384, 48, 16, 1, 1, 0, 0, '2024-08-13'),
(385, 56, 16, 1, 0, 0, 0, '2024-09-27'),
(386, 134, 2, 1, 1, 1, 11, '2024-08-13'),
(387, 178, 2, 1, 1, 1, 25, '2024-08-13'),
(388, 135, 7, 1, 2, 0, 0, '2024-08-13'),
(389, 136, 2, 1, 0, 0, 0, '2024-08-13'),
(390, 137, 4, 1, 0, 0, 0, '2024-10-15'),
(391, 138, 2, 1, 2, 1, 13, '2024-08-13'),
(392, 141, 2, 1, 1, 1, 12, '2024-08-13'),
(393, 141, 7, 1, 1, 1, 12, '2024-08-13'),
(394, 144, 2, 1, 1, 1, 0, '2024-08-13'),
(395, 146, 13, 2, 0, 0, 0, '2024-08-13'),
(396, 146, 27, 1, 4, 0, 0, '2024-08-13'),
(397, 147, 2, 1, 1, 1, 27, '2024-08-13'),
(398, 147, 13, 10, 0, 1, 0, '2024-08-13'),
(399, 154, 5, 10, 1, 0, 0, '2024-08-13'),
(400, 155, 14, 2, 2, 0, 0, '2024-08-13'),
(401, 156, 5, 2, 2, 0, 0, '2024-08-13'),
(402, 157, 5, 2, 3, 0, 0, '2024-08-13'),
(403, 157, 4, 1, 0, 0, 0, '2024-08-13'),
(404, 158, 2, 1, 1, 0, 0, '2024-08-13'),
(405, 158, 5, 2, 3, 0, 0, '2024-08-13'),
(406, 159, 14, 6, 2, 1, 20, '2024-08-13'),
(407, 159, 4, 1, 2, 1, 20, '2024-08-13'),
(408, 162, 4, 1, 0, 1, 21, '2024-08-13'),
(410, 170, 7, 1, 0, 1, 24, '2024-08-13'),
(411, 177, 27, 1, 0, 0, 0, '2024-08-13'),
(412, 172, 5, 2, 1, 0, 0, '2024-08-13'),
(413, 173, 5, 2, 1, 0, 0, '2024-08-13'),
(417, 175, 2, 1, 1, 1, 23, '2024-08-13'),
(418, 166, 27, 1, 5, 1, 19, '2024-08-13'),
(419, 167, 27, 1, 1, 1, 22, '2024-08-13'),
(420, 169, 2, 1, 2, 0, 0, '2024-08-13'),
(421, 45, 7, 1, 1, 0, 0, '2024-08-13'),
(422, 7, 7, 1, 1, 0, 0, '2024-08-13'),
(423, 11, 4, 6, 0, 0, 0, '2024-08-13'),
(424, 11, 20, 6, 1, 0, 0, '2024-08-13'),
(425, 15, 5, 10, 0, 0, 0, '2024-08-13'),
(430, 180, 3, 1, 0, 0, 0, '2024-08-13'),
(431, 181, 3, 1, 1, 0, 0, '2024-08-13'),
(432, 182, 3, 1, 0, 0, 0, '2024-08-13'),
(433, 183, 3, 1, 0, 0, 0, '2024-08-13'),
(434, 180, 28, 1, 2, 0, 0, '2024-08-23'),
(435, 181, 28, 1, 0, 0, 0, '2024-08-13'),
(436, 182, 28, 1, 0, 0, 0, '2024-08-13'),
(437, 183, 28, 1, 1, 0, 0, '2024-08-13'),
(438, 150, 2, 1, 1, 0, 0, '2024-08-13'),
(439, 124, 5, 2, 0, 0, 0, '2024-08-13'),
(440, 128, 10, 7, 1, 0, 0, '2024-08-16'),
(441, 115, 10, 7, 0, 0, 0, '2024-08-13'),
(442, 115, 2, 1, 0, 0, 0, '2024-08-13'),
(443, 123, 2, 1, 1, 0, 0, '2024-08-13'),
(444, 123, 5, 2, 1, 0, 0, '2024-08-20'),
(445, 184, 5, 2, 0, 0, 0, '2024-08-20'),
(446, 112, 2, 1, 1, 1, 30, '2024-08-13'),
(447, 129, 2, 1, 0, 0, 0, '2024-08-13'),
(448, 70, 9, 1, 2, 0, 0, '2024-08-13'),
(449, 185, 29, 2, 0, 0, 0, '2024-08-13'),
(450, 185, 29, 6, 0, 0, 0, '2024-08-13'),
(451, 185, 29, 7, 1, 0, 0, '2024-08-13'),
(452, 185, 29, 14, 1, 0, 0, '2024-08-13'),
(453, 185, 29, 10, 1, 0, 0, '2024-08-13'),
(454, 180, 31, 2, 1, 0, 0, '2024-08-13'),
(455, 180, 31, 6, 1, 0, 0, '2024-08-13'),
(456, 180, 31, 7, 0, 0, 0, '2024-08-13'),
(457, 180, 31, 15, 1, 0, 0, '2024-08-13'),
(458, 180, 31, 11, 0, 0, 0, '2024-08-13'),
(459, 180, 31, 17, 0, 0, 0, '2024-08-13'),
(460, 180, 13, 2, 0, 0, 0, '2024-08-13'),
(461, 182, 13, 2, 1, 0, 0, '2024-08-13'),
(462, 182, 31, 2, 1, 0, 0, '2024-08-13'),
(463, 182, 31, 6, 1, 0, 0, '2024-08-13'),
(464, 182, 31, 7, 1, 0, 0, '2024-08-13'),
(465, 182, 31, 15, 1, 0, 0, '2024-08-13'),
(466, 182, 31, 11, 1, 0, 0, '2024-08-13'),
(467, 182, 31, 17, 1, 0, 0, '2024-08-13'),
(468, 181, 31, 2, 0, 0, 0, '2024-08-13'),
(469, 181, 31, 6, 1, 0, 0, '2024-08-13'),
(470, 181, 31, 7, 1, 0, 0, '2024-08-13'),
(471, 181, 31, 11, 1, 0, 0, '2024-08-13'),
(472, 181, 31, 15, 1, 0, 0, '2024-08-13'),
(473, 181, 31, 17, 1, 0, 0, '2024-08-13'),
(474, 181, 13, 2, 0, 0, 0, '2024-08-13'),
(475, 183, 31, 2, 0, 0, 0, '2024-08-13'),
(476, 183, 31, 6, 1, 0, 0, '2024-08-13'),
(477, 183, 31, 7, 1, 0, 0, '2024-08-13'),
(478, 183, 31, 11, 1, 0, 0, '2024-08-13'),
(479, 183, 31, 15, 0, 0, 0, '2024-08-13'),
(480, 183, 31, 17, 1, 0, 0, '2024-08-13'),
(481, 183, 13, 2, 0, 0, 0, '2024-08-13'),
(482, 63, 2, 1, 1, 0, 0, '2024-08-13'),
(483, 48, 16, 1, 0, 0, 0, '2024-08-13'),
(484, 75, 14, 7, 0, 0, 0, '2024-08-13'),
(485, 73, 14, 7, 0, 0, 0, '2024-08-13'),
(486, 72, 14, 7, 0, 0, 0, '2024-08-13'),
(487, 70, 14, 7, 1, 0, 0, '2024-08-13'),
(488, 67, 14, 7, 0, 0, 0, '2024-08-13'),
(489, 55, 14, 6, 1, 0, 0, '2024-08-13'),
(490, 55, 14, 2, 1, 0, 0, '2024-08-13'),
(491, 110, 14, 2, 0, 1, 0, '2024-08-13'),
(492, 110, 14, 6, 0, 0, 0, '2024-08-13'),
(493, 36, 23, 2, 1, 0, 0, '2024-08-13'),
(494, 121, 14, 29, 0, 0, 0, '2024-08-13'),
(495, 186, 14, 2, 0, 0, 0, '2024-08-13'),
(496, 186, 14, 6, 0, 0, 0, '2024-08-13'),
(497, 190, 13, 2, 1, 1, 0, '2024-08-13'),
(498, 39, 5, 7, 1, 1, 7, '2024-08-13'),
(499, 78, 5, 7, 0, 0, 0, '2024-08-13'),
(500, 61, 5, 2, 0, 0, 0, '2024-08-13'),
(501, 55, 14, 7, 1, 0, 0, '2024-08-13'),
(502, 71, 5, 7, 0, 0, 0, '2024-08-13'),
(503, 58, 5, 7, 1, 0, 0, '2024-08-13'),
(504, 98, 2, 1, 0, 0, 0, '2024-08-13'),
(505, 17, 9, 7, 0, 0, 0, '2024-08-13'),
(506, 96, 7, 1, 1, 1, 15, '2024-08-13'),
(507, 40, 14, 2, 1, 0, 0, '2024-08-13'),
(508, 3, 7, 1, 0, 0, 0, '2024-08-13'),
(509, 2, 13, 2, 1, 0, 0, '2024-08-13'),
(510, 28, 14, 2, 1, 0, 0, '2024-08-13'),
(511, 28, 14, 6, 1, 0, 0, '2024-08-13'),
(512, 185, 2, 1, 0, 0, 0, '2024-08-13'),
(513, 40, 13, 6, 0, 1, 0, '2024-08-13'),
(514, 40, 13, 2, 1, 1, 0, '2024-08-13'),
(515, 40, 13, 10, 0, 0, 0, '2024-08-13'),
(516, 193, 13, 10, 0, 1, 0, '2024-08-13'),
(517, 193, 13, 2, 0, 1, 0, '2024-08-13'),
(519, 100, 13, 2, 0, 1, 18, '2024-08-13'),
(520, 104, 13, 2, 1, 0, 0, '2024-08-13'),
(521, 106, 13, 6, 0, 0, 0, '2024-08-13'),
(522, 106, 14, 10, 0, 0, 0, '2024-08-13'),
(523, 106, 14, 2, 0, 0, 0, '2024-08-13'),
(524, 106, 2, 1, 0, 0, 0, '2024-08-13'),
(525, 40, 5, 11, 0, 0, 0, '2024-08-13'),
(526, 40, 5, 7, 0, 0, 0, '2024-08-13'),
(527, 40, 5, 12, 0, 0, 0, '2024-08-13'),
(528, 30, 2, 1, 0, 1, 34, '2024-08-13'),
(529, 35, 14, 2, 1, 0, 0, '2024-08-13'),
(530, 32, 5, 11, 1, 0, 0, '2024-08-13'),
(531, 32, 2, 1, 0, 0, 0, '2024-08-13'),
(532, 32, 5, 6, 1, 0, 0, '2024-08-13'),
(533, 32, 13, 2, 0, 0, 0, '2024-08-13'),
(534, 32, 9, 1, 1, 0, 0, '2024-08-13'),
(535, 195, 5, 7, 0, 0, 0, '2024-08-13'),
(536, 195, 5, 12, 0, 0, 0, '2024-08-13'),
(537, 195, 5, 2, 0, 0, 0, '2024-08-13'),
(538, 111, 5, 11, 0, 0, 0, '2024-08-13'),
(539, 111, 14, 7, 0, 0, 0, '2024-08-13'),
(540, 111, 14, 6, 0, 0, 0, '2024-08-13'),
(541, 112, 5, 7, 0, 1, 30, '2024-08-13'),
(542, 112, 5, 2, 0, 0, 0, '2024-08-13'),
(543, 112, 5, 11, 0, 1, 30, '2024-08-13'),
(544, 112, 5, 12, 0, 1, 30, '2024-08-13'),
(545, 112, 5, 6, 1, 1, 30, '2024-08-13'),
(546, 161, 7, 1, 0, 1, 20, '2024-08-13'),
(547, 196, 5, 2, 1, 0, 0, '2024-08-13'),
(548, 196, 5, 11, 1, 0, 0, '2024-08-13'),
(549, 5, 14, 32, 0, 0, 0, '2024-08-13'),
(550, 15, 7, 1, 2, 0, 0, '2024-08-13'),
(551, 15, 9, 30, 0, 0, 0, '2024-08-13'),
(552, 15, 23, 2, 1, 0, 0, '2024-08-13'),
(553, 11, 27, 1, 1, 0, 0, '2024-08-13'),
(554, 11, 14, 2, 1, 0, 0, '2024-08-13'),
(555, 11, 14, 7, 0, 0, 0, '2024-08-13'),
(556, 11, 27, 10, 1, 0, 0, '2024-08-13'),
(557, 11, 5, 9, 1, 0, 0, '2024-08-13'),
(558, 11, 5, 6, 1, 0, 0, '2024-08-13'),
(559, 11, 23, 2, 2, 0, 0, '2024-08-13'),
(560, 3, 27, 1, 0, 0, 0, '2024-08-13'),
(561, 16, 13, 6, 0, 0, 0, '2024-08-13'),
(562, 16, 9, 2, 0, 0, 0, '2024-08-13'),
(563, 16, 9, 7, 3, 0, 0, '2024-08-13'),
(564, 16, 9, 10, 2, 0, 0, '2024-08-13'),
(565, 16, 9, 30, 1, 0, 0, '2024-08-13'),
(566, 8, 14, 29, 1, 0, 0, '2024-08-13'),
(567, 8, 14, 33, 1, 0, 0, '2024-08-13'),
(568, 8, 14, 2, 0, 0, 0, '2024-08-13'),
(569, 8, 14, 30, 1, 0, 0, '2024-08-13'),
(570, 14, 9, 7, 0, 0, 0, '2024-08-13'),
(571, 14, 9, 30, 1, 0, 0, '2024-08-13'),
(572, 14, 7, 1, 2, 0, 0, '2025-03-11'),
(573, 6, 7, 1, 1, 0, 0, '2024-08-13'),
(574, 6, 14, 33, 1, 0, 0, '2024-08-13'),
(575, 6, 14, 30, 0, 0, 0, '2024-08-13'),
(576, 6, 14, 18, 1, 0, 0, '2024-08-13'),
(577, 6, 14, 7, 1, 0, 0, '2024-08-13'),
(578, 6, 14, 2, 0, 0, 0, '2024-08-13'),
(579, 6, 14, 17, 1, 0, 0, '2024-08-13'),
(580, 6, 13, 14, 1, 0, 0, '2024-08-13'),
(581, 7, 2, 1, 1, 0, 0, '2024-08-13'),
(582, 7, 14, 32, 1, 0, 0, '2024-08-13'),
(583, 7, 5, 17, 1, 0, 0, '2024-08-13'),
(584, 7, 14, 16, 1, 0, 0, '2024-08-13'),
(585, 7, 14, 17, 0, 0, 0, '2024-08-13'),
(586, 7, 14, 2, 1, 0, 0, '2024-08-13'),
(587, 5, 27, 2, 0, 0, 0, '2024-08-13'),
(588, 5, 14, 17, 2, 0, 0, '2024-08-13'),
(589, 7, 14, 33, 0, 0, 0, '2024-08-13'),
(590, 11, 13, 9, 0, 0, 0, '2024-08-13'),
(591, 11, 10, 10, 1, 0, 0, '2024-08-13'),
(592, 11, 10, 2, 0, 0, 0, '2024-08-13'),
(593, 11, 7, 1, 0, 0, 0, '2024-08-13'),
(594, 11, 7, 2, 0, 0, 0, '2024-08-13'),
(595, 11, 2, 7, 1, 0, 0, '2024-08-13'),
(596, 11, 23, 7, 1, 0, 0, '2024-08-13'),
(597, 9, 16, 1, 0, 0, 0, '2024-08-13'),
(598, 9, 2, 1, 0, 0, 0, '2024-08-13'),
(599, 9, 7, 6, 0, 0, 0, '2024-08-13'),
(600, 9, 6, 28, 0, 0, 0, '2024-08-13'),
(601, 9, 20, 26, 2, 0, 0, '2024-08-13'),
(602, 9, 10, 26, 0, 0, 0, '2024-08-13'),
(603, 9, 29, 2, 0, 0, 0, '2024-08-13'),
(604, 46, 4, 1, 2, 1, 0, '2024-08-13'),
(605, 46, 7, 1, 1, 0, 0, '2024-08-13'),
(606, 46, 9, 1, 0, 0, 0, '2024-08-13'),
(607, 42, 7, 1, 0, 0, 0, '2024-08-13'),
(608, 42, 9, 1, 2, 0, 0, '2024-08-13'),
(609, 49, 7, 1, 1, 0, 0, '2024-08-13'),
(610, 50, 14, 7, 1, 0, 0, '2024-08-13'),
(611, 48, 2, 1, 0, 0, 0, '2024-08-13'),
(612, 48, 20, 23, 1, 0, 0, '2024-08-13'),
(613, 50, 20, 23, 0, 0, 0, '2024-08-13'),
(614, 50, 2, 1, 1, 0, 0, '2024-08-13'),
(615, 49, 20, 23, 0, 0, 0, '2024-08-13'),
(616, 48, 2, 1, 0, 0, 0, '2024-09-27'),
(617, 17, 9, 16, 1, 0, 0, '2024-08-13'),
(618, 17, 9, 10, 0, 0, 0, '2024-08-13'),
(619, 51, 2, 1, 1, 0, 0, '2024-08-13'),
(620, 37, 14, 2, 0, 0, 0, '2024-08-13'),
(621, 38, 7, 1, 0, 0, 0, '2024-08-13'),
(622, 10, 10, 26, 1, 0, 0, '2024-08-13'),
(623, 7, 29, 2, 1, 0, 0, '2024-08-13'),
(624, 180, 2, 1, 0, 0, 0, '2024-08-13'),
(626, 87, 13, 2, 0, 0, 0, '2024-08-13'),
(627, 180, 4, 1, 1, 0, 0, '2024-08-13'),
(628, 30, 27, 1, 1, 1, 34, '2024-08-13'),
(629, 199, 14, 2, 0, 0, 0, '2024-08-13'),
(630, 199, 14, 7, 0, 0, 0, '2024-08-13'),
(631, 199, 4, 1, 1, 0, 0, '2024-10-16'),
(632, 30, 14, 11, 0, 1, 34, '2024-08-13'),
(633, 30, 14, 6, 1, 1, 34, '2024-08-13'),
(634, 30, 14, 2, 1, 1, 34, '2024-08-13'),
(638, 100, 14, 7, 0, 1, 18, '2024-08-13'),
(639, 100, 14, 11, 0, 1, 18, '2024-08-13'),
(640, 100, 14, 29, 0, 1, 18, '2024-08-13'),
(641, 100, 14, 2, 0, 1, 18, '2024-08-14'),
(642, 100, 5, 6, 0, 1, 18, '2024-08-13'),
(643, 81, 4, 1, 1, 0, 0, '2024-08-13'),
(644, 217, 4, 1, 1, 0, 0, '2024-08-13'),
(645, 216, 4, 1, 1, 0, 0, '2024-08-13'),
(646, 202, 14, 6, 0, 1, 0, '2024-08-13'),
(647, 202, 14, 10, 0, 1, 0, '2024-08-13'),
(648, 202, 14, 2, 0, 1, 0, '2024-08-13'),
(649, 202, 14, 7, 1, 1, 0, '2024-08-13'),
(650, 202, 14, 15, 0, 0, 0, '2024-08-13'),
(651, 202, 14, 29, 0, 0, 0, '2024-08-13'),
(652, 203, 4, 1, 2, 0, 0, '2024-08-13'),
(653, 106, 10, 2, 0, 0, 0, '2024-08-13'),
(654, 89, 13, 2, 1, 1, 16, '2024-08-13'),
(655, 59, 10, 2, 0, 0, 0, '2024-08-13'),
(656, 204, 7, 1, 2, 1, 0, '2024-08-13'),
(657, 114, 7, 1, 0, 1, 0, '2025-02-05'),
(658, 205, 14, 6, 0, 1, 0, '2024-08-13'),
(659, 205, 14, 2, 0, 1, 41, '2024-08-13'),
(660, 205, 14, 7, 0, 1, 41, '2024-08-13'),
(661, 205, 14, 11, 0, 1, 0, '2024-08-13'),
(662, 205, 13, 2, 1, 1, 41, '2024-08-13'),
(663, 205, 13, 14, 1, 1, 41, '2024-08-13'),
(664, 205, 13, 11, 0, 1, 41, '2024-08-13'),
(665, 204, 14, 2, 1, 1, 0, '2024-08-13'),
(666, 204, 14, 11, 0, 1, 36, '2024-08-13'),
(667, 204, 14, 6, 1, 1, 0, '2024-08-13'),
(668, 204, 14, 7, 1, 1, 0, '2024-08-13'),
(670, 205, 4, 1, 0, 1, 41, '2024-08-13'),
(671, 208, 27, 1, 1, 0, 0, '2024-08-13'),
(672, 204, 27, 1, 0, 1, 36, '2024-08-13'),
(673, 209, 27, 1, 0, 0, 0, '2024-08-13'),
(674, 210, 27, 1, 0, 0, 0, '2024-10-04'),
(675, 211, 27, 1, 0, 0, 0, '2024-08-13'),
(676, 49, 4, 1, 0, 0, 0, '2024-08-13'),
(677, 212, 5, 6, 1, 0, 0, '2024-08-13'),
(678, 212, 5, 11, 0, 0, 0, '2024-08-13'),
(679, 208, 7, 1, 0, 0, 0, '2024-08-13'),
(680, 208, 13, 2, 0, 0, 0, '2024-08-13'),
(681, 208, 13, 31, 1, 0, 0, '2024-08-16'),
(682, 208, 13, 11, 0, 0, 0, '2024-08-13'),
(683, 213, 8, 6, 1, 1, 37, '2024-08-13'),
(684, 213, 8, 2, 0, 1, 37, '2024-10-21'),
(685, 213, 27, 1, 0, 1, 37, '2024-08-13'),
(686, 29, 5, 2, 0, 0, 0, '2024-08-13'),
(687, 29, 2, 1, 0, 0, 0, '2024-08-13'),
(688, 56, 5, 10, 1, 0, 0, '2024-08-13'),
(689, 56, 5, 1, 1, 0, 0, '2024-08-13'),
(690, 106, 4, 1, 1, 0, 0, '2024-08-13'),
(691, 106, 5, 11, 1, 0, 0, '2024-08-13'),
(692, 81, 14, 2, 1, 0, 0, '2024-08-13'),
(693, 83, 14, 2, 1, 0, 0, '2024-08-13'),
(694, 201, 14, 2, 1, 0, 0, '2024-08-13'),
(695, 217, 14, 2, 1, 0, 0, '2024-08-13'),
(696, 216, 14, 2, 1, 0, 0, '2024-08-13'),
(697, 216, 27, 1, 1, 0, 0, '2024-08-13'),
(698, 218, 27, 1, 1, 0, 0, '2024-08-13'),
(699, 218, 14, 2, 0, 0, 0, '2024-08-13'),
(700, 203, 27, 1, 2, 1, 0, '2024-08-13'),
(701, 222, 4, 1, 2, 1, 39, '2024-08-13'),
(702, 222, 14, 31, 0, 1, 39, '2024-08-13'),
(703, 222, 14, 6, 0, 1, 39, '2024-08-13'),
(704, 222, 14, 2, 0, 1, 39, '2024-08-13'),
(705, 222, 14, 32, 0, 1, 39, '2024-08-13'),
(706, 224, 2, 1, 2, 0, 0, '2024-08-13'),
(707, 225, 27, 1, 1, 0, 0, '2024-08-13'),
(708, 225, 14, 2, 1, 0, 0, '2024-08-13'),
(709, 225, 14, 12, 1, 0, 0, '2024-08-13'),
(710, 225, 14, 6, 1, 0, 0, '2024-08-13'),
(711, 226, 14, 2, 0, 0, 0, '2024-08-13'),
(712, 226, 14, 12, 0, 0, 0, '2024-08-13'),
(713, 226, 27, 1, 1, 0, 0, '2024-08-13'),
(714, 202, 29, 31, 0, 0, 0, '2024-08-13'),
(715, 202, 29, 29, 0, 0, 0, '2024-08-13'),
(716, 202, 29, 9, 0, 0, 0, '2024-08-13'),
(717, 202, 29, 11, 0, 0, 0, '2024-08-13'),
(718, 202, 29, 2, 0, 0, 0, '2024-08-13'),
(719, 202, 29, 7, 2, 0, 0, '2024-08-13'),
(720, 202, 29, 6, 0, 0, 0, '2024-08-13'),
(721, 180, 36, 17, 1, 0, 0, '2024-08-13'),
(722, 180, 36, 16, 1, 0, 0, '2024-08-13'),
(723, 181, 36, 7, 1, 0, 0, '2024-08-13'),
(724, 181, 36, 31, 1, 0, 0, '2024-08-13'),
(725, 1, 36, 31, 1, 0, 0, '2024-08-13'),
(726, 1, 36, 16, 1, 0, 0, '2024-08-13'),
(727, 1, 36, 7, 0, 0, 0, '2024-08-13'),
(728, 2, 36, 7, 1, 0, 0, '2024-08-13'),
(729, 2, 36, 16, 1, 0, 0, '2024-08-13'),
(730, 2, 36, 17, 1, 0, 0, '2024-08-13'),
(731, 2, 36, 31, 1, 0, 0, '2024-08-13'),
(732, 3, 36, 7, 1, 0, 0, '2024-08-13'),
(733, 3, 36, 17, 1, 0, 0, '2024-08-13'),
(734, 227, 29, 7, 0, 0, 0, '2024-08-13'),
(735, 227, 29, 17, 0, 0, 0, '2024-08-13'),
(736, 227, 29, 9, 1, 0, 0, '2024-08-13'),
(737, 227, 29, 31, 1, 0, 0, '2024-08-13'),
(738, 227, 29, 6, 0, 0, 0, '2024-08-13'),
(739, 227, 29, 11, 0, 0, 0, '2024-08-13'),
(740, 227, 29, 2, 0, 0, 0, '2024-08-13'),
(741, 228, 29, 2, 1, 0, 0, '2024-08-13'),
(742, 228, 29, 11, 1, 0, 0, '2024-08-13'),
(743, 228, 29, 6, 0, 0, 0, '2024-08-13'),
(744, 228, 29, 7, 0, 0, 0, '2024-08-13'),
(745, 228, 29, 31, 1, 0, 0, '2024-08-13'),
(746, 228, 29, 9, 1, 0, 0, '2024-08-13'),
(747, 228, 29, 17, 1, 0, 0, '2024-08-13'),
(748, 229, 27, 1, 1, 1, 40, '2024-08-13'),
(749, 231, 37, 34, 1, 0, 0, '2024-08-13'),
(750, 231, 37, 35, 1, 0, 0, '2024-08-13'),
(754, 232, 38, 26, 0, 0, 0, '2024-08-13'),
(755, 232, 42, 26, 0, 0, 0, '2024-08-13'),
(756, 232, 39, 26, 0, 0, 0, '2024-08-13'),
(757, 232, 40, 26, 0, 0, 0, '2024-08-13'),
(758, 232, 41, 26, 0, 0, 0, '2024-08-13'),
(759, 232, 43, 26, 0, 0, 0, '2024-08-13'),
(760, 232, 44, 26, 0, 0, 0, '2024-08-13'),
(761, 231, 45, 7, 0, 0, 0, '2024-08-13'),
(762, 231, 45, 9, 0, 0, 0, '2024-08-13'),
(763, 231, 45, 2, 1, 0, 0, '2024-08-13'),
(764, 231, 45, 1, 0, 0, 0, '2024-08-13'),
(765, 231, 45, 13, 0, 0, 0, '2024-08-13'),
(766, 231, 45, 10, 3, 0, 0, '2024-08-13'),
(767, 233, 46, 26, 0, 0, 0, '2024-08-13'),
(768, 233, 48, 26, 0, 0, 0, '2024-08-13'),
(769, 233, 49, 26, 0, 0, 0, '2024-08-13'),
(770, 205, 14, 9, 0, 1, 41, '2024-08-13'),
(771, 235, 10, 2, 0, 0, 0, '2024-08-13'),
(772, 158, 10, 2, 0, 0, 0, '2024-08-13'),
(773, 71, 10, 2, 0, 0, 0, '2024-08-13'),
(774, 227, 14, 6, 1, 0, 0, '2024-08-13'),
(775, 208, 14, 7, 1, 0, 0, '2024-08-13'),
(776, 208, 14, 9, 1, 0, 0, '2024-08-13'),
(777, 208, 14, 6, 1, 0, 0, '2024-08-13'),
(778, 204, 14, 9, 1, 0, 0, '2024-08-13'),
(779, 204, 4, 1, 0, 0, 0, '2024-08-13'),
(780, 202, 4, 1, 0, 0, 0, '2024-08-13'),
(781, 202, 14, 9, 1, 0, 0, '2024-08-13'),
(782, 202, 13, 2, 0, 1, 0, '2024-08-13'),
(783, 202, 13, 11, 0, 0, 0, '2024-08-13'),
(784, 202, 13, 6, 1, 1, 0, '2024-08-13'),
(785, 202, 13, 9, 0, 0, 0, '2024-08-13'),
(786, 29, 13, 6, 0, 0, 0, '2024-08-13'),
(787, 29, 14, 9, 1, 0, 0, '2024-08-13'),
(788, 29, 14, 6, 1, 0, 0, '2024-08-13'),
(789, 29, 14, 31, 1, 0, 0, '2024-08-13'),
(790, 236, 14, 7, 1, 0, 0, '2024-08-13'),
(791, 236, 14, 2, 1, 0, 0, '2024-08-13'),
(792, 236, 14, 6, 1, 0, 0, '2024-08-13'),
(793, 236, 14, 31, 2, 0, 0, '2024-08-13'),
(794, 236, 14, 9, 1, 0, 0, '2024-08-13'),
(795, 236, 14, 17, 1, 0, 0, '2024-08-13'),
(796, 205, 4, 17, 0, 1, 41, '2024-08-13'),
(797, 205, 29, 2, 0, 1, 41, '2024-08-13'),
(798, 205, 4, 11, 0, 1, 41, '2024-08-13'),
(799, 205, 4, 31, 0, 1, 41, '2024-08-13'),
(800, 205, 4, 7, 0, 1, 41, '2024-08-13'),
(801, 205, 13, 9, 0, 1, 41, '2024-08-13'),
(802, 205, 13, 6, 1, 1, 41, '2024-08-13'),
(803, 227, 4, 1, 0, 1, 0, '2024-08-14'),
(804, 227, 13, 14, 0, 0, 0, '2024-08-13'),
(805, 227, 13, 2, 0, 0, 0, '2024-08-13'),
(806, 227, 13, 6, 1, 0, 0, '2024-08-13'),
(807, 227, 13, 11, 0, 0, 0, '2024-08-13'),
(808, 227, 27, 2, 0, 0, 0, '2024-08-13'),
(809, 227, 27, 17, 0, 0, 0, '2024-08-13'),
(811, 237, 13, 10, 1, 0, 0, '2024-08-13'),
(812, 237, 4, 1, 0, 1, 0, '2024-08-13'),
(813, 102, 13, 6, 0, 1, 43, '2024-08-13'),
(814, 237, 13, 2, 0, 1, 0, '2024-08-13'),
(815, 202, 5, 2, 0, 0, 0, '2024-08-13'),
(816, 202, 14, 30, 0, 0, 0, '2024-08-13'),
(817, 217, 13, 2, 1, 0, 0, '2024-08-13'),
(818, 217, 5, 7, 1, 0, 0, '2024-08-13'),
(819, 183, 4, 1, 2, 0, 0, '2024-08-13'),
(820, 182, 4, 1, 2, 0, 0, '2024-08-13'),
(821, 3, 13, 10, 0, 0, 0, '2024-08-13'),
(822, 9, 4, 1, 0, 0, 0, '2024-08-13'),
(823, 14, 4, 1, 0, 1, 4, '2024-08-13'),
(824, 37, 4, 1, 0, 0, 0, '2024-08-30'),
(825, 37, 4, 2, 0, 0, 0, '2024-08-13'),
(826, 205, 4, 1, 0, 1, 41, '2024-08-13'),
(827, 205, 13, 10, 0, 1, 41, '2024-08-13'),
(828, 205, 13, 13, 0, 1, 41, '2024-08-13'),
(829, 205, 29, 10, 1, 1, 41, '2024-08-13'),
(830, 205, 29, 6, 0, 1, 41, '2024-10-31'),
(831, 205, 29, 7, 1, 1, 41, '2024-08-13'),
(832, 205, 29, 29, 0, 1, 41, '2024-08-13'),
(833, 239, 31, 7, 1, 0, 0, '2024-08-13'),
(834, 239, 31, 29, 1, 0, 0, '2024-08-13'),
(835, 239, 31, 6, 1, 0, 0, '2024-08-13'),
(836, 239, 31, 2, 1, 0, 0, '2024-08-13'),
(837, 239, 31, 11, 1, 0, 0, '2024-08-13'),
(838, 239, 31, 31, 1, 0, 0, '2024-08-13'),
(839, 241, 31, 31, 1, 0, 0, '2024-08-13'),
(840, 241, 31, 7, 1, 0, 0, '2024-08-13'),
(841, 241, 31, 2, 1, 0, 0, '2024-08-13'),
(842, 241, 31, 11, 1, 0, 0, '2024-08-13'),
(843, 241, 31, 6, 1, 0, 0, '2024-08-13'),
(844, 241, 31, 29, 1, 0, 0, '2024-08-13'),
(845, 241, 28, 1, 0, 0, 0, '2024-08-13'),
(846, 240, 28, 1, 1, 0, 0, '2024-08-13'),
(847, 239, 28, 1, 0, 0, 0, '2024-08-13'),
(848, 242, 28, 1, 0, 0, 0, '2024-08-13'),
(849, 242, 31, 11, 1, 0, 0, '2024-08-13'),
(850, 242, 31, 31, 1, 0, 0, '2024-08-13'),
(851, 242, 31, 2, 0, 0, 0, '2024-08-13'),
(852, 242, 31, 6, 1, 0, 0, '2024-08-13'),
(853, 242, 31, 29, 1, 0, 0, '2024-08-13'),
(854, 242, 31, 7, 1, 0, 0, '2024-08-13'),
(855, 240, 31, 7, 1, 0, 0, '2024-08-13'),
(856, 240, 31, 31, 1, 0, 0, '2024-08-13'),
(857, 240, 31, 11, 1, 0, 0, '2024-08-13'),
(858, 240, 31, 29, 1, 0, 0, '2024-08-13'),
(859, 240, 31, 6, 1, 0, 0, '2024-08-13'),
(860, 240, 31, 2, 1, 0, 0, '2024-08-13'),
(861, 183, 29, 2, 0, 0, 0, '2024-08-13'),
(862, 183, 29, 9, 1, 0, 0, '2024-08-13'),
(863, 10, 14, 2, 0, 0, 0, '2024-08-13'),
(864, 10, 14, 11, 0, 0, 0, '2024-09-02'),
(865, 10, 14, 31, 1, 0, 0, '2024-08-13'),
(866, 10, 14, 6, 1, 0, 0, '2024-08-13'),
(867, 10, 14, 10, 1, 0, 0, '2024-08-13'),
(868, 10, 14, 7, 1, 0, 0, '2024-08-13'),
(869, 11, 14, 6, 1, 0, 0, '2024-08-13'),
(870, 11, 14, 31, 1, 0, 0, '2024-08-13'),
(871, 19, 14, 2, 0, 1, 28, '2024-08-13'),
(872, 19, 14, 11, 1, 1, 28, '2024-08-13'),
(873, 12, 14, 31, 0, 1, 3, '2024-09-17'),
(874, 12, 14, 7, 1, 1, 3, '2024-08-13'),
(875, 12, 14, 17, 1, 1, 3, '2024-08-13'),
(876, 12, 14, 11, 0, 1, 3, '2024-09-09'),
(877, 12, 14, 2, 0, 1, 3, '2024-08-13'),
(878, 19, 14, 6, 0, 1, 28, '2024-08-13'),
(879, 10, 13, 2, 0, 0, 0, '2024-08-13'),
(880, 5, 13, 2, 0, 0, 0, '2024-08-13'),
(881, 5, 13, 6, 0, 0, 0, '2024-08-26'),
(882, 5, 13, 11, 1, 0, 0, '2024-08-13'),
(883, 5, 13, 13, 0, 0, 0, '2024-08-13'),
(884, 209, 4, 1, 1, 0, 0, '2024-08-13'),
(885, 211, 4, 1, 0, 0, 0, '2024-08-13'),
(886, 213, 4, 1, 0, 1, 37, '2024-08-13'),
(887, 213, 14, 2, 1, 1, 37, '2024-08-13'),
(888, 213, 14, 6, 0, 1, 37, '2024-08-13'),
(889, 213, 13, 2, 0, 1, 37, '2024-08-13'),
(890, 205, 14, 31, 1, 1, 41, '2024-08-13'),
(891, 112, 14, 2, 1, 1, 30, '2024-08-13'),
(892, 202, 13, 10, 0, 1, 0, '2024-08-13'),
(893, 202, 13, 13, 1, 1, 0, '2024-08-13'),
(894, 202, 7, 1, 0, 0, 0, '2024-08-13'),
(895, 202, 14, 31, 1, 1, 0, '2024-08-13'),
(896, 202, 14, 17, 0, 1, 0, '2024-08-13'),
(897, 204, 13, 2, 0, 1, 0, '2024-10-10'),
(898, 204, 13, 10, 1, 1, 0, '2024-08-13'),
(899, 204, 13, 13, 0, 1, 0, '2024-08-13'),
(900, 204, 13, 6, 0, 1, 0, '2024-10-08'),
(901, 204, 14, 31, 1, 1, 0, '2024-08-13'),
(902, 204, 14, 10, 1, 1, 0, '2024-08-13'),
(903, 2, 14, 6, 1, 1, 0, '2024-08-13'),
(904, 2, 14, 36, 0, 1, 0, '2024-08-13'),
(905, 2, 14, 10, 1, 1, 0, '2024-08-13'),
(906, 2, 14, 2, 1, 1, 0, '2024-08-13'),
(907, 33, 13, 2, 1, 1, 0, '2024-08-13'),
(908, 33, 14, 2, 1, 1, 0, '2024-08-13'),
(909, 33, 14, 10, 1, 1, 0, '2024-08-13'),
(910, 33, 7, 1, 1, 1, 0, '2024-08-13'),
(911, 244, 7, 1, 1, 0, 0, '2024-08-13'),
(912, 244, 14, 2, 0, 0, 0, '2024-08-13'),
(913, 244, 14, 10, 2, 0, 0, '2024-08-13'),
(914, 244, 14, 6, 1, 0, 0, '2024-08-13'),
(915, 244, 14, 31, 1, 0, 0, '2024-08-13'),
(916, 244, 14, 17, 1, 0, 0, '2024-08-13'),
(917, 244, 14, 9, 1, 0, 0, '2024-08-13'),
(918, 245, 14, 9, 1, 0, 0, '2024-08-13'),
(919, 245, 14, 17, 1, 0, 0, '2024-08-13'),
(920, 245, 14, 7, 1, 0, 0, '2024-08-13'),
(921, 245, 14, 31, 1, 0, 0, '2024-08-13'),
(922, 245, 14, 6, 0, 0, 0, '2024-08-13'),
(923, 245, 14, 10, 0, 0, 0, '2024-08-13'),
(924, 245, 14, 2, 0, 0, 0, '2024-08-13'),
(925, 245, 7, 1, 0, 0, 0, '2024-08-13'),
(926, 246, 7, 1, 0, 0, 0, '2024-08-13'),
(927, 246, 14, 9, 0, 0, 0, '2024-08-13'),
(928, 246, 14, 17, 0, 0, 0, '2024-08-13'),
(929, 246, 14, 7, 1, 0, 0, '2024-08-13'),
(930, 246, 14, 31, 0, 0, 0, '2024-09-19'),
(931, 247, 14, 31, 1, 0, 0, '2024-08-13'),
(932, 247, 14, 7, 1, 0, 0, '2024-08-13'),
(933, 247, 14, 10, 1, 0, 0, '2024-08-13'),
(934, 247, 14, 2, 1, 0, 0, '2024-08-13'),
(935, 248, 14, 2, 1, 0, 0, '2024-08-13'),
(936, 248, 14, 10, 1, 0, 0, '2024-08-13'),
(937, 248, 7, 1, 1, 0, 0, '2025-02-05'),
(938, 249, 7, 1, 1, 0, 0, '2025-02-05'),
(939, 249, 14, 2, 1, 0, 0, '2024-08-13'),
(940, 249, 14, 10, 1, 0, 0, '2024-08-13'),
(941, 250, 14, 10, 0, 0, 0, '2024-10-16'),
(942, 250, 14, 2, 0, 0, 0, '2024-09-26'),
(943, 250, 7, 1, 1, 0, 0, '2025-02-05'),
(944, 150, 7, 1, 1, 0, 0, '2024-08-13'),
(945, 251, 7, 1, 0, 1, 45, '2024-11-27'),
(946, 253, 7, 1, 1, 1, 0, '2024-08-13'),
(947, 254, 7, 1, 1, 1, 0, '2024-08-13'),
(948, 256, 7, 1, 1, 1, 0, '2024-08-13'),
(949, 259, 7, 1, 0, 0, 0, '2024-08-13'),
(950, 260, 7, 1, 0, 0, 0, '2024-09-03'),
(951, 261, 7, 1, 1, 1, 47, '2024-08-13'),
(952, 263, 7, 1, 1, 0, 0, '2024-08-13'),
(953, 180, 14, 2, 1, 0, 0, '2024-08-13'),
(954, 180, 14, 10, 1, 0, 0, '2024-08-13'),
(955, 180, 14, 31, 1, 0, 0, '2024-08-13'),
(956, 180, 14, 17, 1, 0, 0, '2024-08-13'),
(957, 180, 14, 9, 1, 0, 0, '2024-08-13'),
(958, 180, 14, 7, 1, 0, 0, '2024-08-13'),
(959, 180, 14, 29, 1, 0, 0, '2024-08-13'),
(960, 149, 5, 2, 0, 1, 27, '2024-08-13'),
(961, 149, 5, 10, 1, 1, 27, '2024-08-13'),
(962, 149, 5, 7, 1, 1, 27, '2024-08-13'),
(963, 149, 5, 6, 1, 1, 27, '2024-08-13'),
(964, 264, 14, 2, 1, 0, 0, '2024-08-13'),
(965, 264, 14, 6, 0, 0, 0, '2024-08-13'),
(966, 264, 14, 7, 2, 0, 0, '2024-08-13'),
(967, 40, 7, 1, 0, 1, 0, '2024-08-13'),
(968, 205, 7, 1, 0, 1, 41, '2024-08-19'),
(969, 265, 14, 2, 1, 0, 0, '2024-08-13'),
(970, 265, 14, 6, 1, 1, 0, '2024-08-13'),
(971, 265, 14, 31, 1, 1, 0, '2024-08-13'),
(972, 265, 14, 17, 1, 1, 0, '2024-08-13'),
(973, 265, 14, 7, 1, 1, 0, '2024-08-13'),
(974, 265, 14, 32, 2, 1, 0, '2024-08-13'),
(975, 265, 5, 2, 0, 1, 0, '2024-08-13'),
(976, 230, 7, 1, 1, 0, 0, '2024-08-13'),
(977, 155, 13, 2, 1, 1, 0, '2024-08-13'),
(978, 111, 5, 2, 0, 0, 0, '2024-08-26'),
(979, 227, 13, 10, 1, 0, 0, '2024-08-13'),
(980, 237, 7, 1, 0, 1, 0, '2024-08-13'),
(981, 97, 13, 2, 1, 0, 0, '2024-08-13'),
(982, 73, 5, 11, 0, 0, 0, '2024-08-13'),
(983, 73, 14, 2, 2, 0, 0, '2024-08-13'),
(984, 266, 7, 1, 1, 0, 0, '2024-08-13'),
(985, 238, 13, 2, 1, 1, 43, '2024-08-13'),
(986, 264, 13, 2, 1, 0, 0, '2024-08-13'),
(987, 264, 13, 10, 0, 0, 0, '2024-08-13'),
(988, 246, 14, 10, 0, 0, 0, '2024-08-13'),
(989, 246, 14, 2, 1, 0, 0, '2024-11-08'),
(990, 246, 14, 6, 1, 0, 0, '2024-08-13'),
(991, 267, 29, 2, 0, 0, 0, '2024-08-13'),
(992, 267, 29, 6, 0, 0, 0, '2024-08-13'),
(993, 267, 29, 10, 0, 0, 0, '2024-08-13'),
(994, 268, 29, 26, 0, 0, 0, '2024-08-13'),
(995, 264, 10, 2, 0, 0, 0, '2024-09-06'),
(996, 269, 7, 1, 3, 0, 0, '2024-08-13'),
(997, 258, 7, 1, 1, 1, 46, '2024-08-13'),
(998, 245, 10, 2, 0, 0, 0, '2024-08-13'),
(999, 246, 10, 2, 0, 0, 0, '2024-08-13'),
(1000, 264, 13, 2, 0, 0, 0, '2024-08-13'),
(1001, 269, 13, 6, 1, 0, 0, '2024-08-13'),
(1002, 253, 13, 6, 1, 0, 0, '2024-08-13'),
(1003, 246, 13, 6, 0, 0, 0, '2024-08-13'),
(1004, 246, 13, 2, 0, 0, 0, '2024-08-13'),
(1005, 246, 13, 10, 0, 0, 0, '2024-08-13'),
(1006, 269, 10, 2, 0, 0, 0, '2024-08-13'),
(1007, 269, 29, 10, 1, 0, 0, '2024-08-13'),
(1008, 269, 29, 31, 0, 0, 0, '2024-08-13'),
(1009, 270, 29, 31, 0, 0, 0, '2024-08-13'),
(1010, 271, 8, 1, 1, 0, 0, '2024-08-13'),
(1011, 271, 8, 2, 0, 0, 0, '2024-08-13'),
(1012, 269, 8, 2, 1, 0, 0, '2024-08-13'),
(1013, 269, 8, 1, 0, 0, 0, '2024-08-13'),
(1014, 272, 8, 10, 2, 0, 0, '2024-08-13'),
(1015, 272, 8, 1, 2, 0, 0, '2024-08-13'),
(1016, 272, 8, 2, 2, 0, 0, '2024-08-13'),
(1017, 264, 13, 6, 1, 0, 0, '2024-08-13'),
(1018, 275, 14, 11, 1, 0, 0, '2024-08-13'),
(1019, 275, 14, 6, 1, 0, 0, '2024-08-13'),
(1020, 275, 14, 7, 0, 0, 0, '2024-10-04'),
(1021, 275, 14, 2, 0, 0, 0, '2024-08-23'),
(1022, 275, 14, 29, 1, 0, 0, '2024-08-13'),
(1023, 264, 14, 32, 0, 0, 0, '2024-08-13'),
(1024, 264, 14, 11, 1, 0, 0, '2024-08-13'),
(1025, 264, 13, 11, 0, 0, 0, '2024-09-19'),
(1026, 264, 7, 1, 0, 0, 0, '2024-09-10'),
(1027, 246, 4, 1, 1, 0, 0, '2024-10-10'),
(1028, 246, 13, 14, 1, 0, 0, '2024-08-13'),
(1029, 246, 14, 11, 0, 0, 0, '2024-08-13'),
(1030, 60, 7, 1, 0, 0, 0, '2024-08-13'),
(1031, 246, 11, 26, 2, 0, 0, '2024-09-20'),
(1032, 264, 8, 2, 0, 0, 0, '2024-11-19'),
(1033, 264, 8, 32, 1, 0, 0, '2024-08-13'),
(1034, 264, 8, 17, 1, 0, 0, '2024-08-13'),
(1035, 264, 8, 7, 1, 0, 0, '2024-08-13'),
(1036, 264, 8, 33, 1, 0, 0, '2024-08-13'),
(1037, 264, 13, 14, 1, 0, 0, '2024-08-13'),
(1038, 269, 11, 26, 1, 0, 0, '2024-08-13'),
(1039, 269, 14, 2, 2, 0, 0, '2024-08-13'),
(1040, 269, 14, 6, 1, 0, 0, '2024-08-13'),
(1041, 269, 14, 9, 1, 0, 0, '2024-08-13'),
(1042, 269, 14, 7, 1, 0, 0, '2024-08-13'),
(1043, 269, 14, 31, 1, 0, 0, '2024-08-13'),
(1044, 276, 14, 2, 1, 0, 0, '2024-08-13'),
(1045, 277, 13, 2, 1, 0, 0, '2025-03-11'),
(1046, 277, 13, 11, 1, 0, 0, '2024-08-13'),
(1047, 278, 14, 10, 0, 0, 0, '2024-08-13'),
(1048, 4, 7, 1, 2, 0, 0, '2024-08-13'),
(1049, 239, 11, 26, 0, 0, 0, '2024-08-13'),
(1050, 240, 11, 26, 0, 0, 0, '2024-08-13'),
(1051, 241, 11, 26, 0, 0, 0, '2024-08-13'),
(1052, 242, 11, 26, 0, 0, 0, '2024-08-13'),
(1053, 236, 4, 1, 1, 0, 0, '2024-08-13'),
(1054, 279, 10, 2, 0, 0, 0, '2024-08-13'),
(1055, 200, 4, 1, 1, 1, 51, '2024-08-13'),
(1057, 30, 14, 7, 1, 1, 34, '2024-08-13'),
(1058, 30, 7, 1, 1, 1, 34, '2024-08-13'),
(1059, 30, 14, 1, 1, 1, 34, '2024-08-13'),
(1060, 231, 5, 2, 2, 0, 0, '2024-08-13'),
(1061, 231, 5, 6, 1, 0, 0, '2024-08-13'),
(1065, 289, 55, 1, 1, 0, 0, '2024-08-16'),
(1066, 289, 55, 2, 1, 0, 0, '2024-08-16'),
(1067, 289, 55, 10, 1, 0, 0, '2024-08-16'),
(1068, 290, 55, 1, 3, 0, 0, '2024-08-16'),
(1069, 291, 55, 1, 1, 0, 0, '2024-08-16'),
(1070, 293, 55, 1, 1, 0, 0, '2024-08-16'),
(1071, 294, 55, 1, 1, 0, 0, '2024-08-16'),
(1072, 295, 55, 1, 2, 0, 0, '2024-08-16'),
(1073, 296, 55, 7, 1, 0, 0, '2024-08-16'),
(1074, 296, 55, 2, 1, 0, 0, '2024-08-16'),
(1075, 296, 55, 1, 1, 0, 0, '2024-08-16'),
(1076, 297, 55, 1, 1, 0, 0, '2024-08-16'),
(1077, 298, 55, 2, 1, 0, 0, '2024-08-16'),
(1078, 298, 55, 10, 1, 0, 0, '2024-08-16'),
(1079, 298, 55, 7, 1, 0, 0, '2024-08-16'),
(1080, 298, 55, 1, 1, 0, 0, '2024-08-16'),
(1081, 299, 55, 6, 1, 0, 0, '2024-08-16'),
(1082, 300, 55, 11, 1, 0, 0, '2024-08-16'),
(1083, 301, 55, 1, 1, 0, 0, '2024-08-16'),
(1084, 302, 55, 7, 2, 0, 0, '2024-08-16'),
(1085, 302, 55, 29, 1, 0, 0, '2024-08-16'),
(1086, 303, 55, 1, 2, 0, 0, '2024-08-16'),
(1087, 303, 55, 2, 1, 0, 0, '2024-08-16'),
(1088, 304, 55, 1, 1, 0, 0, '2024-08-16'),
(1089, 305, 55, 1, 1, 0, 0, '2024-08-16'),
(1090, 157, 23, 2, 1, 0, 0, '2024-08-16'),
(1091, 267, 5, 2, 1, 1, 0, '2024-08-16'),
(1092, 239, 28, 33, 1, 0, 0, '2024-08-23'),
(1093, 239, 28, 2, 1, 0, 0, '2024-08-23'),
(1094, 240, 28, 2, 1, 0, 0, '2024-08-23'),
(1095, 241, 28, 33, 1, 0, 0, '2024-08-23'),
(1096, 241, 28, 2, 0, 0, 0, '2024-08-28'),
(1097, 242, 28, 7, 1, 0, 0, '2024-08-23'),
(1098, 180, 28, 17, 1, 0, 0, '2024-08-23'),
(1099, 182, 28, 17, 1, 0, 0, '2024-08-23'),
(1100, 182, 28, 2, 1, 0, 0, '2024-08-23'),
(1101, 181, 28, 2, 1, 0, 0, '2024-08-23'),
(1102, 181, 28, 17, 1, 0, 0, '2024-08-23'),
(1103, 183, 28, 17, 1, 0, 0, '2024-08-23'),
(1104, 1, 28, 1, 0, 0, 0, '2024-08-29'),
(1105, 2, 28, 1, 1, 0, 0, '2024-08-23'),
(1106, 3, 28, 1, 0, 0, 0, '2024-11-13'),
(1107, 278, 14, 2, 1, 0, 0, '2024-09-05'),
(1108, 278, 14, 6, 1, 0, 0, '2024-08-29'),
(1109, 278, 14, 32, 0, 0, 0, '2024-08-29'),
(1110, 307, 14, 32, 2, 0, 0, '2024-08-23'),
(1111, 307, 14, 29, 1, 0, 0, '2024-08-23'),
(1112, 307, 14, 2, 1, 0, 0, '2024-09-03'),
(1113, 307, 14, 11, 1, 0, 0, '2024-08-23'),
(1114, 307, 14, 6, 1, 0, 0, '2024-08-23'),
(1115, 307, 14, 7, 1, 0, 0, '2024-08-23'),
(1116, 306, 14, 6, 1, 0, 0, '2024-08-23'),
(1117, 308, 14, 6, 1, 0, 0, '2024-08-23'),
(1118, 308, 14, 11, 1, 0, 0, '2024-08-23'),
(1119, 308, 14, 32, 0, 0, 0, '2024-09-09'),
(1120, 308, 14, 2, 2, 0, 0, '2024-08-23'),
(1121, 174, 10, 2, 2, 0, 0, '2024-08-23'),
(1122, 276, 2, 1, 1, 0, 0, '2024-08-23'),
(1123, 306, 14, 7, 1, 0, 0, '2024-08-23'),
(1124, 306, 14, 32, 1, 0, 0, '2024-08-23'),
(1125, 306, 14, 11, 0, 0, 0, '2024-08-26'),
(1126, 268, 14, 11, 1, 0, 0, '2024-08-23'),
(1127, 268, 14, 32, 0, 0, 0, '2024-10-04'),
(1128, 268, 14, 2, 1, 0, 0, '2024-08-23'),
(1129, 268, 14, 6, 1, 0, 0, '2024-08-23'),
(1130, 268, 13, 2, 1, 0, 0, '2024-08-23'),
(1131, 268, 13, 11, 1, 0, 0, '2024-08-23'),
(1132, 310, 7, 1, 1, 0, 0, '2025-02-05'),
(1133, 310, 5, 2, 1, 0, 0, '2025-02-05'),
(1134, 310, 5, 11, 1, 0, 0, '2025-02-05'),
(1135, 310, 5, 6, 1, 0, 0, '2025-02-05'),
(1136, 310, 5, 9, 1, 0, 0, '2025-02-05'),
(1137, 310, 5, 32, 1, 0, 0, '2025-02-05'),
(1138, 310, 5, 7, 1, 0, 0, '2025-02-05'),
(1139, 311, 7, 1, 1, 0, 0, '2025-02-05'),
(1140, 311, 5, 2, 1, 0, 0, '2025-02-05'),
(1141, 311, 5, 11, 1, 0, 0, '2025-02-05'),
(1142, 311, 5, 6, 1, 0, 0, '2025-02-05'),
(1143, 311, 5, 9, 1, 0, 0, '2025-02-05'),
(1144, 311, 5, 7, 1, 0, 0, '2025-02-05'),
(1145, 311, 5, 32, 1, 0, 0, '2025-02-05'),
(1146, 31, 5, 2, 1, 0, 0, '2025-02-05'),
(1147, 275, 23, 2, 1, 0, 0, '2025-02-05'),
(1148, 275, 23, 6, 1, 0, 0, '2025-02-05'),
(1149, 313, 15, 2, 1, 0, 0, '2025-02-05'),
(1150, 313, 15, 33, 1, 0, 0, '2025-02-05'),
(1151, 312, 7, 1, 1, 0, 0, '2025-02-05'),
(1152, 314, 10, 2, 1, 0, 0, '2025-02-05'),
(1153, 314, 7, 1, 1, 0, 0, '2025-02-05'),
(1154, 314, 5, 2, 1, 0, 0, '2025-02-05'),
(1155, 314, 5, 11, 1, 0, 0, '2025-02-05'),
(1156, 314, 5, 6, 1, 0, 0, '2025-02-05'),
(1157, 314, 5, 9, 1, 0, 0, '2025-02-05'),
(1158, 314, 5, 7, 1, 0, 0, '2025-02-05'),
(1159, 314, 5, 32, 1, 0, 0, '2025-02-05'),
(1160, 315, 23, 6, 1, 0, 0, '2025-02-05'),
(1161, 315, 23, 2, 1, 0, 0, '2025-02-05'),
(1162, 315, 7, 1, 2, 0, 0, '2025-02-05'),
(1163, 315, 27, 2, 1, 0, 0, '2025-02-05'),
(1164, 315, 27, 32, 1, 0, 0, '2025-02-05'),
(1165, 315, 27, 7, 1, 0, 0, '2025-02-05'),
(1166, 315, 5, 32, 1, 0, 0, '2025-02-05'),
(1167, 315, 5, 7, 1, 0, 0, '2025-02-05'),
(1168, 315, 5, 9, 1, 0, 0, '2025-02-05'),
(1169, 315, 5, 6, 1, 0, 0, '2025-02-05'),
(1170, 315, 5, 11, 1, 0, 0, '2025-02-05'),
(1171, 315, 5, 2, 1, 0, 0, '2025-02-05'),
(1172, 316, 7, 1, 2, 0, 0, '2025-02-05'),
(1173, 316, 5, 7, 1, 0, 0, '2025-02-05'),
(1174, 316, 5, 9, 1, 0, 0, '2025-02-05'),
(1175, 316, 5, 6, 1, 0, 0, '2025-02-05'),
(1176, 316, 5, 11, 1, 0, 0, '2025-02-05'),
(1177, 316, 5, 2, 1, 0, 0, '2025-02-05'),
(1178, 316, 5, 32, 1, 0, 0, '2025-02-05'),
(1179, 246, 23, 2, 1, 0, 0, '2025-03-12'),
(1180, 317, 23, 2, 1, 0, 0, '2025-02-05'),
(1181, 318, 14, 11, 1, 0, 0, '2025-03-11'),
(1182, 318, 14, 2, 1, 0, 0, '2025-03-11'),
(1183, 318, 14, 6, 1, 0, 0, '2025-03-11'),
(1184, 318, 14, 32, 1, 0, 0, '2025-03-11'),
(1185, 319, 14, 2, 1, 0, 0, '2025-03-11'),
(1186, 319, 14, 7, 1, 1, 0, '2025-03-11'),
(1187, 319, 14, 32, 1, 0, 0, '2025-03-11'),
(1188, 319, 14, 29, 1, 0, 0, '2025-03-11'),
(1189, 319, 14, 6, 1, 0, 0, '2025-03-11'),
(1190, 319, 14, 11, 1, 0, 0, '2025-03-11'),
(1191, 319, 13, 13, 1, 0, 0, '2025-03-11'),
(1192, 319, 13, 9, 1, 0, 0, '2025-03-11'),
(1193, 319, 13, 2, 1, 0, 0, '2025-03-11'),
(1194, 320, 14, 11, 1, 0, 0, '2025-03-11'),
(1195, 320, 14, 2, 1, 0, 0, '2025-03-11'),
(1196, 277, 13, 6, 1, 0, 0, '2025-03-11'),
(1197, 20, 5, 11, 2, 1, 3, '2025-03-11'),
(1198, 20, 5, 6, 2, 1, 3, '2025-03-11'),
(1199, 20, 5, 7, 1, 1, 3, '2025-03-11'),
(1200, 20, 5, 9, 1, 1, 3, '2025-03-11'),
(1201, 20, 5, 32, 1, 1, 3, '2025-03-11'),
(1202, 20, 5, 29, 1, 1, 3, '2025-03-11'),
(1203, 20, 7, 1, 2, 1, 3, '2025-03-11'),
(1204, 9, 7, 1, 2, 0, 0, '2025-03-11'),
(1205, 9, 14, 11, 1, 0, 0, '2025-03-11'),
(1206, 9, 14, 29, 1, 0, 0, '2025-03-11'),
(1207, 9, 14, 7, 1, 0, 0, '2025-03-11'),
(1208, 1, 14, 29, 1, 0, 0, '2025-03-11'),
(1209, 1, 14, 32, 1, 0, 0, '2025-03-11'),
(1210, 1, 14, 11, 1, 0, 0, '2025-03-11'),
(1211, 1, 14, 2, 2, 0, 0, '2025-03-11'),
(1212, 321, 14, 2, 2, 0, 0, '2025-03-11'),
(1213, 321, 8, 7, 1, 0, 0, '2025-03-11'),
(1214, 321, 8, 2, 3, 0, 0, '2025-03-11'),
(1215, 322, 14, 2, 1, 0, 0, '2025-03-11'),
(1216, 322, 14, 11, 1, 0, 0, '2025-03-11'),
(1217, 322, 14, 6, 1, 0, 0, '2025-03-11'),
(1218, 322, 14, 7, 1, 0, 0, '2025-03-11'),
(1219, 322, 14, 32, 1, 0, 0, '2025-03-11'),
(1220, 323, 13, 2, 1, 0, 0, '2025-03-11'),
(1221, 326, 13, 2, 1, 0, 0, '2025-03-11'),
(1222, 324, 13, 2, 1, 0, 0, '2025-03-11'),
(1223, 324, 13, 11, 1, 0, 0, '2025-03-11'),
(1224, 325, 13, 11, 1, 0, 0, '2025-03-11'),
(1225, 325, 13, 2, 1, 0, 0, '2025-03-11'),
(1226, 246, 5, 6, 1, 0, 0, '2025-03-12'),
(1227, 246, 5, 32, 0, 0, 0, '2025-08-28');

--
-- Volcado de datos para la tabla `tipo`
--

INSERT INTO `tipo` (`idTipo`, `nombreTipo`, `refTipo`, `pvp`) VALUES
(2, 'GEL/SILICONA', 2, 4.00),
(3, 'GEL TPU', 3, 4.00),
(4, 'PREMIUM', 4, 5.00),
(5, 'COLOR', 5, 5.00),
(6, 'DECORADA', 6, 10.00),
(7, 'REFORZADA', 7, 6.00),
(8, 'ALTO IMPACTO', 8, 10.00),
(9, 'PROTECCION 360', 9, 8.00),
(10, 'LIBRO', 10, 8.00),
(11, 'DELUXE', 11, 10.00),
(13, 'REFORZADA+ANILLO', 13, 12.00),
(14, 'COLOR PREMIUM', 14, 6.00),
(15, 'REFORZADA INALAMBRICA', 15, 10.00),
(16, 'REFORZADA CON CUERDA', 16, 8.00),
(17, 'REFORZADA TARJETA', 17, 10.00),
(18, 'ALUMINIO', 18, 8.00),
(20, 'IRIDISCENTE', 20, 10.00),
(21, 'ESPEJO', 21, 8.00),
(22, 'PURPURINA', 19, 12.00),
(23, 'LIBRO PREMIUM', 22, 12.00),
(24, 'MADERA', 23, 10.00),
(25, 'ALTO IMPACTO PREMIUM', 24, 15.00),
(26, 'GEL CON ANILLO', 25, 6.00),
(27, 'REFORZADA PREMIUM', 26, 7.00),
(28, 'CARGA MAGNETICA', 27, 15.00),
(29, 'SILICONA SUAVE', 28, 7.00),
(31, 'SILKY', 29, 10.00),
(32, 'Cristal Templado', 50, 5.00),
(33, 'Cristal Templado Full', 51, 8.00),
(34, 'Cristal Templado Premium', 52, 15.00),
(35, 'Cristal Flexible', 53, 20.00),
(36, 'ACOLCHADO ROMBO', 30, 8.00),
(37, 'ANTE', 31, 8.00),
(38, 'CUERDA PREMIUM', 61, 8.00),
(39, 'CUERDA NUDO', 62, 8.00),
(40, 'PLANO FINO', 63, 3.00),
(41, 'PLANO ANCHO', 64, 5.00),
(42, 'PULSERA CUERDA PREMIUM', 65, 7.00),
(43, 'CUERDA BASICA', 66, 4.00),
(44, 'ANILLA PARA CUERDA UND.', 67, 3.00),
(45, 'IMPERMEABLE AIRE', 32, 7.00),
(46, 'MI BAND 5-6 ', 68, 4.00),
(48, 'MI BAND 5/6 DECORADA', 69, 5.00),
(49, 'MI BAND 7', 70, 4.00),
(55, 'Descatalogado', 33, 2.00);

--
-- Volcado de datos para la tabla `year`
--

INSERT INTO `year` (`idYear`, `year`, `refYear`) VALUES
(1, 2022, 22),
(2, 2021, 21),
(3, 2020, 20),
(4, 2019, 19),
(5, 2018, 18),
(6, 2017, 17),
(19, 2016, 16),
(20, 2023, 23),
(21, 2024, 24),
(22, 2025, 25),
(24, 2010, 10),
(25, 2011, 11);
COMMIT;

/*!40101 SET CHARACTER_SET_CLIENT=@OLD_CHARACTER_SET_CLIENT */;
/*!40101 SET CHARACTER_SET_RESULTS=@OLD_CHARACTER_SET_RESULTS */;
/*!40101 SET COLLATION_CONNECTION=@OLD_COLLATION_CONNECTION */;
