/*M!999999\- enable the sandbox mode */ 
-- MariaDB dump 10.19  Distrib 10.5.27-MariaDB, for Linux (x86_64)
--
-- Host: localhost    Database: conexion_fundas
-- ------------------------------------------------------
-- Server version	10.5.27-MariaDB

/*!40101 SET @OLD_CHARACTER_SET_CLIENT=@@CHARACTER_SET_CLIENT */;
/*!40101 SET @OLD_CHARACTER_SET_RESULTS=@@CHARACTER_SET_RESULTS */;
/*!40101 SET @OLD_COLLATION_CONNECTION=@@COLLATION_CONNECTION */;
/*!40101 SET NAMES utf8mb4 */;
/*!40103 SET @OLD_TIME_ZONE=@@TIME_ZONE */;
/*!40103 SET TIME_ZONE='+00:00' */;
/*!40014 SET @OLD_UNIQUE_CHECKS=@@UNIQUE_CHECKS, UNIQUE_CHECKS=0 */;
/*!40014 SET @OLD_FOREIGN_KEY_CHECKS=@@FOREIGN_KEY_CHECKS, FOREIGN_KEY_CHECKS=0 */;
/*!40101 SET @OLD_SQL_MODE=@@SQL_MODE, SQL_MODE='NO_AUTO_VALUE_ON_ZERO' */;
/*!40111 SET @OLD_SQL_NOTES=@@SQL_NOTES, SQL_NOTES=0 */;

--
-- Table structure for table `color`
--

DROP TABLE IF EXISTS `color`;
/*!40101 SET @saved_cs_client     = @@character_set_client */;
/*!40101 SET character_set_client = utf8 */;
CREATE TABLE `color` (
  `idColor` int(11) NOT NULL AUTO_INCREMENT,
  `nombreColor` varchar(50) NOT NULL,
  `refColor` int(11) NOT NULL,
  `thumb` varchar(150) NOT NULL,
  PRIMARY KEY (`idColor`)
) ENGINE=InnoDB AUTO_INCREMENT=37 DEFAULT CHARSET=utf8mb4 COLLATE=utf8mb4_general_ci;
/*!40101 SET character_set_client = @saved_cs_client */;

--
-- Dumping data for table `color`
--

LOCK TABLES `color` WRITE;
/*!40000 ALTER TABLE `color` DISABLE KEYS */;
INSERT INTO `color` VALUES (1,'TRANSPARENTE',99,''),(2,'NEGRO',1,'#111111'),(5,'BLANCO',2,'#ffffff'),(6,'ROJO',3,'#ff0000'),(7,'ROSA',4,'#ff5252'),(8,'NARANJA',5,'#ec4d09'),(9,'AMARILLO',6,'#ecd909'),(10,'AZUL',7,'#0702f7'),(11,'AZUL MARINO',8,'#020d5f'),(12,'AZUL CLARO',9,'#50bcf2'),(13,'VERDE',10,'#0ad62c'),(14,'VERDE OSCURO',11,'#044e13'),(15,'VERDE CLARO',12,'#62ea7d'),(16,'FUCSIA',13,'#ec2255'),(17,'MORADO',14,'#ee00ff'),(18,'MULTICOLOR 1',20,'#000000'),(19,'MULTICOLOR 2',21,'#000000'),(20,'MULTICOLOR 3',22,'#000000'),(21,'MULTICOLOR 4',23,'#000000'),(22,'ESPEJO',30,'#c7c7c7'),(23,'IRIDISCENTE',31,'#000000'),(24,'METALICA',32,'#000000'),(25,'GRIS',15,'#8c8c8c'),(26,'DESIGN',40,'#000000'),(27,'ARENA',41,'#000000'),(28,'DEGRADADO',33,'#000000'),(29,'MALVA',16,'#cdc3f3'),(30,'DORADO',17,'#e3e60f'),(31,'PISTACHO',18,'#cdf53d'),(32,'CELESTE',19,'#70e0eb'),(33,'PLATA',34,'#c9c5c5'),(34,'CALBLANQUE',42,'#e9c767'),(35,'CAMPOAMOR',43,'#714f28'),(36,'VINO',45,'#7a0000');
/*!40000 ALTER TABLE `color` ENABLE KEYS */;
UNLOCK TABLES;

--
-- Table structure for table `marca`
--

DROP TABLE IF EXISTS `marca`;
/*!40101 SET @saved_cs_client     = @@character_set_client */;
/*!40101 SET character_set_client = utf8 */;
CREATE TABLE `marca` (
  `idMarca` int(11) NOT NULL AUTO_INCREMENT,
  `nombreMarca` varchar(50) NOT NULL,
  `refMarca` int(2) NOT NULL,
  PRIMARY KEY (`idMarca`),
  UNIQUE KEY `ref` (`refMarca`),
  KEY `refMarca` (`refMarca`)
) ENGINE=InnoDB AUTO_INCREMENT=23 DEFAULT CHARSET=utf8mb4 COLLATE=utf8mb4_general_ci;
/*!40101 SET character_set_client = @saved_cs_client */;

--
-- Dumping data for table `marca`
--

LOCK TABLES `marca` WRITE;
/*!40000 ALTER TABLE `marca` DISABLE KEYS */;
INSERT INTO `marca` VALUES (1,'iPhone',11),(2,'Samsung',12),(3,'Xiaomi',13),(4,'Realme',14),(5,'Oppo',15),(6,'Vivo',16),(7,'ZTE',17),(8,'LG',18),(9,'Sony',19),(10,'Alcatel',20),(11,'TCL',21),(12,'One Plus',22),(14,'Huawei',23),(15,'Honor',24),(16,'Motorola',25),(17,'Universal',99),(18,'Accesorios',98),(22,'Nokia',26);
/*!40000 ALTER TABLE `marca` ENABLE KEYS */;
UNLOCK TABLES;

--
-- Table structure for table `modelo`
--

DROP TABLE IF EXISTS `modelo`;
/*!40101 SET @saved_cs_client     = @@character_set_client */;
/*!40101 SET character_set_client = utf8 */;
CREATE TABLE `modelo` (
  `idModelo` int(11) NOT NULL AUTO_INCREMENT,
  `nombreModelo` varchar(80) NOT NULL,
  `refModelo` int(11) NOT NULL,
  `refMarca` int(2) NOT NULL,
  `refYear` int(2) NOT NULL,
  PRIMARY KEY (`idModelo`)
) ENGINE=InnoDB AUTO_INCREMENT=327 DEFAULT CHARSET=utf8mb4 COLLATE=utf8mb4_general_ci;
/*!40101 SET character_set_client = @saved_cs_client */;

--
-- Dumping data for table `modelo`
--

LOCK TABLES `modelo` WRITE;
/*!40000 ALTER TABLE `modelo` DISABLE KEYS */;
INSERT INTO `modelo` VALUES (1,'13',13,11,21),(2,'13 Pro',14,11,21),(3,'13 Pro Max',15,11,21),(4,'13 Mini',16,11,21),(5,'12',12,11,20),(6,'12 Pro',13,11,20),(7,'12 Pro Max',14,11,20),(8,'12 Mini',15,11,20),(9,'11',11,11,19),(10,'11 Pro',12,11,19),(11,'11 Pro Max',13,11,19),(12,'SE (22)',11,11,22),(13,'SE (20)',20,11,20),(14,'XS',11,11,18),(15,'XS Max',12,11,18),(16,'XR',13,11,18),(17,'X',10,11,17),(18,'8',11,11,17),(19,'8 Plus',12,11,17),(20,'7',17,11,16),(21,'7 Plus',18,11,16),(22,'6',26,11,16),(23,'6S',27,11,16),(24,'6 Plus',28,11,16),(25,'6S Plus',29,11,16),(26,'SE (16)',16,11,16),(27,'5S',15,11,16),(28,'Galaxy A03S',43,12,22),(29,'Galaxy A13',13,12,22),(30,'Galaxy A13 5G',14,12,22),(31,'Galaxy A33 5G',33,12,22),(32,'Galaxy A53 5G',53,12,22),(33,'Galaxy A73',73,12,22),(34,'Galaxy S22Fe',23,12,22),(35,'Galaxy S22',22,12,22),(36,'Galaxy S22 Plus',24,12,22),(37,'Galaxy S22 Ultra',25,12,22),(38,'Galaxy A02/M02',82,12,21),(39,'Galaxy A02S',14,12,21),(40,'Galaxy A12',12,12,21),(41,'Galaxy A22 4G',22,12,21),(42,'Galaxy A22 5G',23,12,21),(43,'Galaxy A32 4G',32,12,21),(44,'Galaxy A32 5G',33,12,21),(45,'Galaxy A42 4G/5G',42,12,21),(46,'Galaxy A52 4G/5G/A52S',52,12,21),(47,'Galaxy A72 4G/5G',72,12,21),(48,'Galaxy S21',91,12,21),(49,'Galaxy S21 FE',92,12,21),(50,'Galaxy S21 Plus',93,12,21),(51,'Galaxy S21 Ultra',94,12,21),(52,'Galaxy Note 21',95,12,21),(53,'Galaxy Note 21 Ultra',96,12,21),(54,'Galaxy A11',11,12,20),(55,'Galaxy A21',21,12,20),(56,'Galaxy A21S',22,12,20),(57,'Galaxy A31',31,12,20),(58,'Galaxy A41',41,12,20),(59,'Galaxy A51',51,12,20),(60,'Galaxy A71',71,12,20),(61,'Galaxy S20FE',19,12,20),(62,'Galaxy S20',90,12,20),(63,'Galaxy S20 Plus',91,12,20),(64,'Galaxy S20 Ultra',92,12,20),(65,'Galaxy Note 20',94,12,20),(66,'Galaxy Note 20 Ultra',95,12,20),(67,'Galaxy A01',41,12,19),(68,'Galaxy A10',10,12,19),(69,'Galaxy A20E /A10E',19,12,19),(70,'Galaxy A20S',21,12,19),(71,'Galaxy A40',40,12,19),(72,'Galaxy A50',50,12,19),(73,'Galaxy A70',70,12,19),(74,'Galaxy S10',20,12,19),(75,'Galaxy S10 Lite',49,12,19),(76,'Galaxy S10 Plus',11,12,19),(77,'Galaxy S10E',12,12,19),(78,'Galaxy Note 10',13,12,19),(79,'Galaxy Note 10 Lite',14,12,19),(80,'Galaxy Note 10 Plus',15,12,19),(81,'12',12,13,22),(82,'12X',13,13,22),(83,'12 Pro',15,13,22),(84,'Mi 11',11,13,21),(85,'Mi 11 Lite',12,13,21),(86,'Mi 11 Lite 5G',13,13,21),(87,'11 Lite 5G NE',14,13,21),(88,'11T 5G',15,13,21),(89,'11T Pro 5G',16,13,21),(90,'Mi 11i 5G',17,13,21),(91,'Mi 11 Ultra',18,13,21),(92,'MI 10',10,13,20),(93,'MI 10 LITE',11,13,20),(94,'MI 10 LITE 5G',12,13,20),(95,'MI 10 PRO',13,13,20),(96,'MI 10T 5G',14,13,20),(97,'MI 10T LITE 5G',15,13,20),(98,'MI 10T PRO 5G',16,13,20),(100,'REDMI NOTE 11',21,13,22),(101,'REDMI NOTE 11S',22,13,22),(102,'REDMI NOTE 11 PRO',23,13,22),(103,'REDMI NOTE 11 PRO 5G',24,13,22),(104,'REDMI NOTE 11 PRO+ 5G',25,13,22),(105,'REDMI 10',10,13,21),(106,'REDMI 10C',10,13,22),(107,'REDMI NOTE 10',22,13,21),(108,'REDMI NOTE 10 PRO',23,13,21),(109,'REDMI NOTE 10 5G',24,13,21),(110,'REDMI 9',19,13,20),(111,'REDMI 9A',20,13,20),(112,'REDMI 9C',22,13,20),(113,'REDMI 9AT',21,13,20),(114,'REDMI NOTE 9',29,13,20),(115,'REDMI NOTE 9S',30,13,20),(116,'REDMI NOTE 9 PRO',31,13,20),(117,'Galaxy M53 5G',54,12,22),(119,'Galaxy A71 5G',72,12,20),(120,'Galaxy S22 Pro',63,12,22),(121,'Redmi 8',18,13,19),(122,'Redmi 8A',19,13,19),(123,'Redmi Note 8 Pro',20,13,19),(124,'MI 8',28,13,18),(125,'MI A2 Lite / Redmi 6 Pro',32,13,18),(126,'MI A2 / MI 6X',33,13,18),(127,'REDMI 9T',19,13,21),(128,'MI 9',39,13,19),(129,'MI 9 LITE',40,13,19),(130,'MI 9 PRO',41,13,19),(131,'Poco M3 Pro 5G',63,13,21),(132,'POCO X4 PRO 5G',44,13,22),(133,'X8',18,24,22),(134,'X30i',31,24,21),(135,'Velvet 5G',10,18,20),(136,'A15',15,15,20),(137,'A16',16,15,21),(138,'A52',52,15,20),(139,'A72',72,15,20),(140,'A92',92,15,20),(141,'A53',53,15,20),(142,'A32',32,15,20),(143,'A33',33,15,20),(144,'F17',17,15,20),(145,'A73',73,15,20),(146,'A74 4G',74,15,21),(147,'A74 5G',75,15,21),(148,'A93 4G',93,15,20),(149,'A93 5G',93,15,21),(150,'A94 5G',94,15,21),(151,'REDMI NOTE 10S',32,13,21),(152,'MI 8 Lite',68,13,18),(153,'MI 7',67,13,17),(154,'Blade V20 smart',20,17,20),(155,'Blade V30 Vita',30,17,21),(156,'Blade A31',31,17,21),(157,'Blade A51',51,17,21),(158,'Blade A71',71,17,21),(159,'Y21',21,16,21),(160,'Y21s',22,16,21),(161,'Y33S',33,16,21),(162,'Y11S',11,16,20),(163,'Y20i',21,16,20),(164,'Y20s',20,16,20),(165,'C3',13,14,20),(166,'5',15,14,19),(167,'9i',19,14,22),(168,'A36',36,15,22),(169,'9 Pro Plus',99,14,22),(170,'Moto E20',20,25,21),(171,'Moto E40',40,25,21),(172,'20R 5G',20,21,21),(173,'1B (2020)',11,20,20),(174,'1SE (2020)',12,20,20),(175,'1SE (2021)',12,20,21),(176,'3L (2021)',31,20,21),(177,'G 5G PLUS',55,25,21),(178,'20i',20,24,20),(179,'20 lite',21,24,20),(180,'14',14,11,22),(181,'14 Pro',15,11,22),(182,'14 Plus',16,11,22),(183,'14 Pro Max',17,11,22),(184,'Redmi Note 8',28,13,19),(185,'Galaxy A03 Core',44,12,22),(186,'Redmi Note 8T',29,13,19),(190,'Poco X3 PRO 5G',64,13,21),(191,'Poco X3',65,13,21),(192,'REDMI 10A',11,13,22),(193,'REDMI NOTE 9C',33,13,22),(194,'Poco C3',60,13,22),(195,'P SMART 19',19,23,19),(196,'C31',31,14,21),(198,'Galaxy A04s',46,12,22),(199,'Galaxy A04',13,12,23),(200,'12T',16,13,22),(201,'12 Lite',14,13,22),(202,'Galaxy A14',14,12,23),(203,'C33',33,14,22),(204,'Galaxy A54',54,12,23),(205,'Redmi 12C',92,13,23),(206,'Redmi 11A',91,13,23),(208,'Galaxy A34 5G',34,12,23),(209,'Galaxy S23',93,12,23),(210,'Galaxy S23 Plus',92,12,23),(211,'Galaxy S23 Ultra',94,12,23),(212,'Galaxy A51 5G',52,12,20),(213,'Galaxy A23 4G',93,12,22),(214,'Galaxy M23 4G',94,12,22),(215,'Galaxy M13 4G',95,12,22),(216,'13 Lite',14,13,23),(217,'13',13,13,23),(218,'13 Pro',15,13,23),(219,'C30',30,14,22),(220,'C30S',31,14,22),(221,'Narzo 50i Prime',51,14,22),(222,'C21Y',22,14,21),(223,'C25Y',26,14,21),(224,'C11',11,14,20),(225,'C35',35,14,22),(226,'X7',17,24,22),(227,'REDMI NOTE 12',32,13,23),(228,'REDMI NOTE 12 5G',36,13,23),(229,'Reno 7 5G',17,15,22),(230,'Find X5 Lite',15,15,22),(231,'FUNDA',11,99,23),(232,'Colgante',11,98,23),(233,'Correas',12,98,23),(234,'Poco C55',55,13,23),(235,'P 30 Lite',31,23,19),(236,'Galaxy A24',24,12,23),(237,'REDMI NOTE 12 Pro 5G',33,13,23),(238,'REDMI NOTE 12 Pro',34,13,23),(239,'15',15,11,23),(240,'15 Plus',16,11,23),(241,'15 Pro',17,11,23),(242,'15 Pro Max',18,11,23),(243,'Galaxy A23 5G',96,12,22),(244,'Galaxy A05',11,12,24),(245,'Galaxy A05S',12,12,24),(246,'Galaxy A15',15,12,24),(247,'Galaxy S23 FE 5G',23,12,24),(248,'Galaxy S24',94,12,24),(249,'Galaxy S24 Plus',95,12,24),(250,'Galaxy S24 Ultra',96,12,24),(251,'A96 4G',96,15,22),(252,'A76 4G',76,15,22),(253,'A98 5G',98,15,23),(254,'A57S',57,15,22),(255,'A77 4G',77,15,22),(256,'A58 4G',58,15,23),(257,'A58 5G',58,15,22),(258,'A78 5G',78,15,23),(259,'A78 4G',77,15,23),(260,'Reno 10',10,15,23),(261,'C53',53,14,23),(262,'Narzo N53',54,14,23),(263,'C55',55,14,23),(264,'Redmi 13C',12,13,24),(265,'Blade V40 Vita',40,17,22),(266,'G22',22,25,22),(267,'Blade A72S',73,17,23),(268,'Blade A54',54,17,23),(269,'Redmi Note 13 4G',23,13,24),(270,'90 Lite',89,24,23),(271,'Redmi note 13 Pro',33,13,24),(272,'Redmi Note 13 5G',25,13,24),(273,'Redmi Note 10 Pro 5G',25,13,21),(274,'Poco C65',65,13,24),(275,'Galaxy A25',25,12,24),(276,'A60',60,15,24),(277,'G04',14,25,24),(278,'V50 Design 4G',50,17,24),(279,'G24',24,25,24),(280,'G14',16,25,24),(281,'12T PRO',17,13,22),(282,'G11',29,26,22),(289,'Galaxy J7 2015',11,12,11),(290,'Galaxy J4 2018',12,12,11),(291,'Galaxy J3 2017',13,12,11),(293,'Galaxy J6 2019',14,12,11),(294,'Galaxy J6 2018',15,12,11),(295,'Galaxy A20/A30',16,12,11),(296,'Galaxy A5',17,12,11),(297,'Galaxy A8',18,12,11),(298,'Galaxy S5 mini',19,12,11),(299,'Galaxy A3',20,12,11),(300,'Galaxy A8 2018',21,12,11),(301,'Galaxy A60',22,12,11),(302,'Galaxy S6 Edge',23,12,11),(303,'Galaxy S7',25,12,11),(304,'Galaxy S7 Plus',26,12,11),(305,'Galaxy NOTE 9',27,12,11),(306,'Redmi 13',1,13,24),(307,'Redmi A3',2,13,24),(308,'Blade A34',1,17,23),(310,'GALAXY A36',36,12,25),(311,'GALAXY A56',56,12,25),(312,'Galaxy S25 ULTRA',27,12,25),(313,'Galaxy S24 FE',24,12,24),(314,'Galaxy A26',26,12,25),(315,'Galaxy A16',16,12,25),(316,'GALAXY A06',6,12,25),(317,'GALAXY A35',35,12,24),(318,'REDMI NOTE 14 5G',1,13,25),(319,'REDMI 14 PRO 5G',2,13,25),(320,'G84 5G',84,25,24),(321,'14C 4G',15,13,25),(322,'13 PRO 4G',11,13,23),(323,'14T PRO',20,13,25),(324,'MI 15',25,13,25),(325,'MI 15 PRO',26,13,25),(326,'MI 14',26,13,23);
/*!40000 ALTER TABLE `modelo` ENABLE KEYS */;
UNLOCK TABLES;

--
-- Table structure for table `relacionados`
--

DROP TABLE IF EXISTS `relacionados`;
/*!40101 SET @saved_cs_client     = @@character_set_client */;
/*!40101 SET character_set_client = utf8 */;
CREATE TABLE `relacionados` (
  `idRel` int(11) NOT NULL AUTO_INCREMENT,
  `referencias` mediumtext NOT NULL,
  PRIMARY KEY (`idRel`)
) ENGINE=InnoDB AUTO_INCREMENT=54 DEFAULT CHARSET=utf8mb4 COLLATE=utf8mb4_general_ci;
/*!40101 SET character_set_client = @saved_cs_client */;

--
-- Dumping data for table `relacionados`
--

LOCK TABLES `relacionados` WRITE;
/*!40000 ALTER TABLE `relacionados` DISABLE KEYS */;
INSERT INTO `relacionados` VALUES (2,'a:2:{i:0;s:6:\"112012\";i:1;s:6:\"112013\";}'),(3,'a:4:{i:0;s:6:\"112211\";i:1;s:6:\"112020\";i:2;s:6:\"111711\";i:3;s:6:\"111617\";}'),(4,'a:2:{i:0;s:6:\"111811\";i:1;s:6:\"111710\";}'),(5,'a:2:{i:0;s:6:\"111626\";i:1;s:6:\"111627\";}'),(6,'a:2:{i:0;s:6:\"111628\";i:1;s:6:\"111629\";}'),(7,'a:2:{i:0;s:6:\"122243\";i:1;s:6:\"122114\";}'),(8,'a:2:{i:0;s:6:\"111616\";i:1;s:6:\"111615\";}'),(9,'a:2:{i:0;s:6:\"122224\";i:1;s:6:\"122263\";}'),(11,'a:2:{i:0;s:6:\"242218\";i:1;s:6:\"242131\";}'),(12,'a:3:{i:0;s:6:\"152053\";i:1;s:6:\"152032\";i:2;s:6:\"152033\";}'),(13,'a:3:{i:0;s:6:\"152052\";i:1;s:6:\"152072\";i:2;s:6:\"152092\";}'),(14,'a:2:{i:0;s:6:\"131939\";i:1;s:6:\"131941\";}'),(15,'a:2:{i:0;s:6:\"132014\";i:1;s:6:\"132016\";}'),(16,'a:2:{i:0;s:6:\"132111\";i:1;s:6:\"132116\";}'),(17,'a:2:{i:0;s:6:\"132122\";i:1;s:6:\"132132\";}'),(18,'a:2:{i:0;s:6:\"132221\";i:1;s:6:\"132222\";}'),(19,'a:2:{i:0;s:6:\"142013\";i:1;s:6:\"141915\";}'),(20,'a:3:{i:0;s:6:\"162121\";i:1;s:6:\"162122\";i:2;s:6:\"162133\";}'),(21,'a:3:{i:0;s:6:\"162011\";i:1;s:6:\"162021\";i:2;s:6:\"162020\";}'),(22,'a:2:{i:0;s:6:\"142219\";i:1;s:6:\"152236\";}'),(23,'a:2:{i:0;s:6:\"202112\";i:1;s:6:\"202131\";}'),(24,'a:2:{i:0;s:6:\"252120\";i:1;s:6:\"252140\";}'),(25,'a:2:{i:0;s:6:\"242020\";i:1;s:6:\"242021\";}'),(26,'a:2:{i:0;s:6:\"152017\";i:1;s:6:\"152073\";}'),(27,'a:2:{i:0;s:6:\"152175\";i:1;s:6:\"152193\";}'),(28,'a:2:{i:0;s:6:\"111712\";i:1;s:6:\"111618\";}'),(29,'a:2:{i:0;s:6:\"132164\";i:1;s:6:\"132165\";}'),(30,'a:2:{i:0;s:6:\"132022\";i:1;s:6:\"132211\";}'),(31,'a:2:{i:0;s:6:\"132233\";i:1;s:6:\"132260\";}'),(34,'a:2:{i:0;s:6:\"122214\";i:1;s:6:\"122246\";}'),(39,'a:2:{i:0;s:6:\"142122\";i:1;s:6:\"142126\";}'),(40,'a:2:{i:0;s:6:\"152217\";i:1;s:6:\"152215\";}'),(41,'a:3:{i:0;s:6:\"132392\";i:1;s:6:\"132391\";i:2;s:6:\"132355\";}'),(43,'a:3:{i:0;s:6:\"132223\";i:1;s:6:\"132224\";i:2;s:6:\"132334\";}'),(44,'a:4:{i:0;s:6:\"122293\";i:1;s:6:\"122296\";i:2;s:6:\"122295\";i:3;s:6:\"122294\";}'),(45,'a:3:{i:0;s:6:\"152236\";i:1;s:6:\"152276\";i:2;s:6:\"152296\";}'),(46,'a:2:{i:0;s:6:\"152258\";i:1;s:6:\"152378\";}'),(47,'a:2:{i:0;s:6:\"142353\";i:1;s:6:\"142354\";}'),(49,'a:2:{i:0;s:6:\"132465\";i:1;s:6:\"132412\";}'),(50,'a:2:{i:0;s:6:\"122324\";i:1;s:6:\"122425\";}'),(51,'a:2:{i:0;s:6:\"132216\";i:1;s:6:\"132217\";}'),(53,'a:3:{i:0;s:6:\"142230\";i:1;s:6:\"142231\";i:2;s:6:\"142251\";}');
/*!40000 ALTER TABLE `relacionados` ENABLE KEYS */;
UNLOCK TABLES;

--
-- Table structure for table `stock`
--

DROP TABLE IF EXISTS `stock`;
/*!40101 SET @saved_cs_client     = @@character_set_client */;
/*!40101 SET character_set_client = utf8 */;
CREATE TABLE `stock` (
  `idStock` int(11) NOT NULL AUTO_INCREMENT,
  `refModel` int(6) NOT NULL,
  `refTipo` int(2) NOT NULL,
  `refColor` int(2) NOT NULL,
  `stock` int(2) NOT NULL,
  `usarRel` tinyint(1) NOT NULL DEFAULT 0,
  `idMarca` int(11) NOT NULL,
  `idRel` int(11) NOT NULL,
  `modificado` date DEFAULT NULL,
  PRIMARY KEY (`idStock`)
) ENGINE=InnoDB AUTO_INCREMENT=1228 DEFAULT CHARSET=utf8mb4 COLLATE=utf8mb4_general_ci;
/*!40101 SET character_set_client = @saved_cs_client */;

--
-- Dumping data for table `stock`
--

LOCK TABLES `stock` WRITE;
/*!40000 ALTER TABLE `stock` DISABLE KEYS */;
INSERT INTO `stock` VALUES (2,112113,2,99,0,0,1,0,'2024-08-13'),(3,112113,14,9,1,0,1,0,'2024-08-13'),(4,112113,5,7,0,0,1,0,'2024-08-13'),(5,112113,5,16,0,0,1,0,'2024-08-13'),(6,112113,5,8,0,0,1,0,'2024-08-13'),(7,112113,7,99,0,0,1,0,'2024-08-13'),(8,112113,13,1,0,0,1,0,'2024-08-13'),(9,112113,5,1,1,0,1,0,'2024-08-13'),(10,112113,5,4,0,0,1,0,'2024-08-13'),(11,112113,15,99,0,0,1,0,'2024-08-13'),(12,112113,14,20,0,0,1,0,'2024-08-13'),(13,112113,14,21,1,0,1,0,'2024-08-13'),(15,112113,14,3,1,0,1,0,'2025-03-11'),(17,112116,5,1,0,0,1,0,'2024-08-13'),(18,112116,5,3,1,1,1,0,'2024-08-13'),(19,112116,5,4,1,0,1,0,'2024-08-13'),(20,112116,5,8,1,0,1,0,'2024-08-13'),(21,112116,5,9,1,0,1,0,'2024-08-13'),(22,112116,5,99,1,0,1,0,'2024-08-13'),(24,112114,15,1,0,0,1,0,'2024-08-13'),(25,112114,5,8,0,0,1,0,'2024-08-13'),(26,112114,5,4,1,0,1,0,'2024-08-13'),(27,112114,2,99,1,0,1,0,'2024-08-13'),(29,112114,5,1,4,0,1,0,'2024-08-13'),(30,112114,14,20,0,0,1,0,'2024-08-13'),(31,112114,5,3,0,0,1,0,'2024-08-13'),(32,112115,20,31,1,0,1,0,'2024-08-13'),(33,112115,15,99,0,0,1,0,'2024-08-13'),(34,112115,2,99,1,0,1,0,'2024-08-30'),(35,112115,5,3,1,0,1,0,'2024-08-13'),(36,112115,5,1,1,0,1,0,'2024-08-13'),(37,112115,14,20,2,0,1,0,'2024-08-13'),(38,112115,14,21,1,0,1,0,'2024-08-13'),(39,112115,5,4,1,0,1,0,'2024-08-13'),(40,112115,5,9,1,0,1,0,'2024-08-13'),(41,112115,7,33,1,0,1,0,'2024-08-13'),(42,112115,13,1,0,0,1,0,'2024-08-13'),(44,112114,7,99,0,0,1,0,'2024-08-13'),(45,112114,5,21,0,0,1,0,'2024-08-13'),(47,112113,20,31,0,0,1,0,'2024-08-13'),(48,112012,14,21,3,0,1,0,'2024-08-13'),(49,112012,16,99,1,1,1,2,'2024-08-13'),(50,112012,14,16,2,0,1,0,'2024-08-13'),(51,112012,14,1,2,0,1,0,'2024-08-13'),(52,112012,14,17,0,0,1,0,'2024-08-13'),(53,112012,14,11,0,0,1,0,'2024-08-13'),(54,112012,14,3,2,0,1,0,'2024-08-13'),(55,112012,14,4,1,0,1,0,'2024-08-13'),(56,112012,14,8,0,0,1,0,'2024-08-13'),(57,112012,21,30,1,0,1,0,'2024-08-13'),(58,112012,26,5,1,0,1,0,'2024-08-13'),(59,112012,5,4,1,1,1,2,'2024-08-13'),(60,112012,5,8,0,1,1,2,'2024-08-13'),(61,112012,5,1,0,1,1,2,'2024-08-13'),(62,112012,2,99,1,1,1,2,'2024-08-13'),(63,112012,7,99,1,1,1,2,'2024-08-13'),(64,112015,5,8,1,0,1,0,'2024-09-04'),(65,112015,9,99,2,0,1,0,'2024-08-13'),(66,112015,2,99,0,0,1,0,'2024-08-13'),(67,112015,5,18,1,0,1,0,'2024-08-13'),(68,112015,5,3,2,0,1,0,'2024-08-13'),(69,112015,5,6,0,0,1,0,'2024-08-13'),(70,112015,5,1,0,0,1,0,'2024-08-13'),(71,112015,5,4,2,0,1,0,'2024-08-13'),(75,112014,13,4,1,0,1,0,'2024-08-13'),(76,112014,14,20,1,0,1,0,'2024-08-13'),(77,112014,17,99,1,0,1,0,'2024-08-13'),(78,112014,17,4,0,0,1,0,'2024-08-13'),(79,112014,5,4,1,0,1,0,'2024-08-13'),(80,112014,5,3,1,0,1,0,'2024-08-13'),(81,112014,5,6,1,0,1,0,'2024-08-13'),(82,112014,5,1,1,0,1,0,'2024-08-13'),(83,112014,16,99,0,0,1,0,'2024-08-13'),(84,112014,2,99,1,0,1,0,'2024-08-13'),(85,112014,9,99,1,0,1,0,'2024-08-13'),(86,111913,25,4,1,0,1,0,'2024-08-13'),(87,111913,13,1,1,0,1,0,'2024-08-13'),(88,111913,25,1,1,0,1,0,'2024-08-13'),(89,111913,7,5,0,0,1,0,'2024-08-13'),(90,111913,7,41,1,0,1,0,'2024-09-23'),(91,111913,10,19,1,0,1,0,'2024-08-13'),(92,111913,5,1,0,0,1,0,'2024-08-13'),(93,111913,5,16,1,0,1,0,'2024-08-13'),(94,111913,5,4,2,0,1,0,'2024-08-13'),(95,111913,7,10,1,0,1,0,'2024-08-13'),(96,111912,5,4,1,0,1,0,'2024-08-13'),(97,111912,5,1,1,0,1,0,'2024-08-13'),(98,111912,5,16,0,0,1,0,'2024-08-13'),(99,111912,5,3,0,0,1,0,'2024-08-13'),(100,111912,2,99,1,0,1,0,'2024-08-13'),(101,111912,4,99,1,0,1,0,'2024-08-13'),(102,111912,14,33,1,0,1,0,'2024-10-14'),(103,111912,14,40,2,0,1,0,'2024-08-13'),(104,111911,14,3,1,0,1,0,'2025-03-11'),(105,111911,14,14,0,0,1,0,'2024-08-13'),(108,111911,5,4,0,0,1,0,'2024-08-13'),(109,111911,14,6,0,0,1,0,'2024-08-13'),(110,111911,14,19,4,0,1,0,'2025-03-11'),(111,111911,14,1,2,0,1,0,'2025-03-11'),(112,111811,8,7,0,1,1,4,'2024-08-13'),(113,111811,14,19,0,1,1,4,'2024-08-13'),(114,111811,8,1,0,1,1,4,'2024-08-13'),(115,111811,8,3,0,1,1,4,'2024-08-13'),(116,111811,14,4,0,1,1,4,'2024-08-13'),(117,111811,14,1,0,1,1,4,'2024-08-13'),(118,111811,14,3,1,1,1,4,'2024-08-13'),(119,111811,14,7,1,0,1,0,'2024-08-13'),(120,111811,14,17,0,1,1,4,'2024-08-13'),(121,111811,2,99,0,0,1,0,'2024-08-13'),(123,111812,8,17,1,0,1,0,'2024-08-13'),(124,111812,8,3,1,0,1,0,'2024-08-13'),(125,111812,8,7,1,0,1,0,'2024-08-13'),(126,111812,2,7,1,0,1,0,'2024-08-13'),(127,111812,2,99,1,0,1,0,'2024-08-13'),(128,111813,14,33,0,0,1,0,'2024-08-13'),(129,111813,9,99,0,0,1,0,'2024-08-13'),(131,111813,2,7,0,0,1,0,'2024-08-13'),(132,111813,5,3,0,0,1,0,'2024-08-13'),(133,111813,5,1,0,0,1,0,'2024-08-13'),(134,111813,5,4,0,0,1,0,'2024-08-13'),(135,111617,13,7,0,1,1,3,'2024-08-13'),(136,111617,13,1,0,1,1,3,'2024-08-13'),(137,111617,14,4,1,1,1,3,'2024-08-13'),(139,111617,5,1,2,1,1,3,'2025-03-11'),(140,111617,7,33,0,1,1,3,'2024-08-13'),(142,111617,4,99,0,1,1,3,'2024-08-13'),(143,111617,13,3,0,1,1,3,'2024-08-13'),(144,111617,5,7,0,1,1,3,'2024-08-13'),(148,111628,7,1,1,1,1,6,'2024-08-13'),(149,111628,18,4,1,1,1,6,'2024-08-13'),(150,111628,2,7,1,1,1,6,'2024-08-13'),(151,111628,2,99,1,1,1,6,'2024-08-13'),(152,111628,10,1,1,1,1,6,'2024-08-13'),(153,111628,7,99,1,1,1,6,'2024-08-13'),(154,111627,4,1,0,1,1,5,'2024-08-13'),(155,111618,14,4,0,1,1,0,'2024-08-26'),(156,111618,14,33,0,1,1,0,'2024-08-13'),(157,112211,2,99,2,1,1,3,'2024-08-13'),(158,111617,6,40,0,1,1,3,'2024-08-13'),(159,111617,14,4,0,1,1,3,'2024-08-13'),(160,112116,20,31,0,0,1,0,'2024-08-13'),(162,112015,4,99,0,0,1,0,'2024-08-13'),(163,112012,14,34,1,0,1,0,'2024-08-16'),(164,111913,19,6,0,0,1,0,'2024-08-13'),(165,111913,22,15,2,0,1,0,'2024-08-13'),(166,111913,2,99,0,0,1,0,'2024-08-13'),(167,111617,23,40,1,1,1,3,'2024-08-13'),(168,122243,14,4,2,1,2,7,'2024-08-13'),(169,122243,14,1,1,1,2,7,'2024-08-13'),(170,122243,14,16,0,1,2,7,'2024-08-13'),(171,122243,20,31,0,1,2,7,'2024-08-13'),(172,122243,2,99,0,1,2,7,'2024-08-13'),(173,122213,13,1,1,0,2,0,'2024-08-13'),(174,122213,13,7,0,0,2,0,'2024-08-13'),(175,122213,14,4,1,0,2,0,'2024-08-13'),(176,122213,22,4,2,0,2,0,'2024-08-13'),(177,122214,13,3,0,1,2,34,'2024-08-13'),(178,122214,14,1,2,1,2,34,'2024-08-13'),(179,122214,14,7,0,1,2,34,'2024-08-13'),(180,122214,14,3,1,1,2,34,'2024-08-13'),(181,122214,13,7,0,1,2,34,'2024-08-13'),(182,122233,14,4,1,0,2,0,'2024-08-13'),(183,122233,2,99,1,0,2,0,'2024-08-13'),(184,122233,14,7,0,0,2,0,'2024-08-13'),(185,122233,14,3,0,0,2,0,'2024-08-13'),(186,122233,14,1,0,0,2,0,'2024-08-13'),(187,122253,14,1,1,0,2,0,'2024-08-13'),(188,122253,14,4,1,0,2,0,'2024-08-13'),(189,122253,14,3,1,0,2,0,'2024-08-13'),(190,122253,14,16,0,0,2,0,'2024-08-13'),(191,122253,11,7,0,0,2,0,'2024-08-13'),(192,122253,11,1,0,0,2,0,'2024-08-13'),(193,122123,14,4,1,0,2,0,'2024-08-13'),(194,122123,2,99,1,0,2,0,'2024-08-13'),(195,122123,14,1,3,0,2,0,'2024-08-13'),(196,122123,20,31,0,0,2,0,'2024-08-13'),(197,122123,10,1,1,0,2,0,'2024-08-13'),(198,122123,4,99,3,0,2,0,'2024-08-13'),(199,122132,14,4,0,0,2,0,'2024-08-13'),(200,122132,14,3,0,0,2,0,'2024-08-13'),(201,122132,2,99,2,0,2,0,'2024-12-18'),(202,122132,14,8,0,0,2,0,'2024-08-13'),(203,122133,4,99,1,1,2,0,'2024-08-23'),(204,122133,5,1,1,0,2,0,'2024-08-13'),(205,122133,20,31,0,0,2,0,'2024-08-13'),(206,122133,5,3,1,0,2,0,'2024-08-13'),(207,122133,2,99,3,0,2,0,'2024-08-13'),(208,122142,13,3,2,0,2,0,'2024-08-13'),(209,122142,5,3,1,0,2,0,'2024-08-13'),(210,122142,5,16,1,0,2,0,'2024-08-13'),(211,122142,5,4,1,0,2,0,'2024-08-13'),(212,122142,5,1,1,0,2,0,'2024-08-13'),(213,122142,20,31,1,0,2,0,'2024-08-13'),(214,122142,16,99,1,0,2,0,'2024-08-13'),(215,122142,2,99,2,0,2,0,'2024-08-13'),(216,122011,5,4,1,0,2,0,'2024-08-13'),(217,122011,5,8,1,0,2,0,'2024-08-13'),(218,122011,5,1,1,0,2,0,'2024-08-13'),(219,122011,9,99,1,0,2,0,'2024-08-13'),(220,122011,7,99,2,0,2,0,'2024-08-13'),(221,122021,5,8,1,0,2,0,'2024-08-13'),(222,122021,9,99,1,0,2,0,'2024-08-13'),(223,122021,5,3,0,0,2,0,'2024-08-13'),(224,122021,5,1,1,0,2,0,'2024-08-13'),(225,122022,5,1,0,0,2,0,'2024-08-13'),(226,122022,5,3,0,0,2,0,'2024-08-13'),(227,122031,5,3,1,0,2,0,'2024-08-13'),(228,122031,5,4,1,0,2,0,'2024-08-13'),(229,122031,2,99,1,0,2,0,'2024-08-13'),(230,121941,2,99,1,0,2,0,'2024-08-13'),(231,121910,2,99,1,0,2,0,'2024-08-13'),(232,121910,7,99,0,0,2,0,'2024-10-21'),(233,121919,16,99,0,0,2,0,'2024-08-13'),(234,121919,2,99,0,0,2,0,'2024-08-13'),(235,121919,5,1,0,0,2,0,'2024-08-13'),(236,121919,5,4,1,0,2,0,'2024-08-13'),(237,121921,2,99,1,0,2,0,'2024-08-13'),(239,122254,2,99,3,0,2,0,'2024-08-13'),(240,122222,4,99,0,0,2,0,'2024-08-13'),(241,122222,20,31,1,0,2,0,'2024-08-13'),(242,122222,8,1,1,0,2,0,'2024-08-13'),(243,122225,7,99,0,0,2,0,'2024-08-13'),(244,122224,7,99,1,0,2,0,'2024-08-13'),(245,122243,2,99,2,1,2,7,'2024-08-13'),(246,122112,2,99,0,0,2,0,'2024-08-13'),(247,122112,5,3,0,0,2,0,'2024-08-13'),(248,122112,5,7,0,0,2,0,'2024-08-13'),(249,122112,5,1,2,0,2,0,'2024-08-13'),(250,122112,20,31,0,0,2,0,'2024-08-13'),(251,122112,13,4,0,0,2,0,'2024-08-13'),(252,122112,14,22,0,0,2,0,'2024-08-13'),(253,122122,14,1,0,0,2,0,'2024-08-13'),(254,122122,14,3,1,0,2,0,'2024-08-13'),(255,122122,7,99,0,0,2,0,'2024-08-13'),(256,122122,14,4,1,0,2,0,'2024-08-13'),(257,122122,14,8,1,0,2,0,'2024-08-13'),(258,122122,4,99,0,0,2,0,'2024-08-13'),(259,122152,2,99,2,0,2,0,'2024-08-13'),(260,122152,5,1,0,0,2,0,'2024-08-13'),(261,122152,8,1,1,0,2,0,'2024-08-13'),(262,122152,20,31,0,0,2,0,'2024-08-13'),(263,122152,9,17,1,0,2,0,'2024-08-13'),(264,122152,22,1,1,0,2,0,'2024-08-16'),(265,122152,24,3,1,0,2,0,'2024-08-13'),(266,122152,2,7,1,0,2,0,'2024-08-13'),(267,122152,5,3,0,0,2,0,'2024-08-13'),(268,122152,10,4,0,0,2,0,'2024-08-13'),(269,122172,20,31,1,0,2,0,'2024-08-13'),(270,122172,2,99,1,0,2,0,'2024-08-13'),(271,122172,7,99,2,0,2,0,'2024-08-13'),(272,122172,5,3,1,0,2,0,'2024-08-13'),(273,122172,9,17,0,0,2,0,'2024-08-13'),(274,122172,5,1,1,0,2,0,'2024-08-13'),(275,122172,5,7,1,0,2,0,'2024-08-13'),(276,122191,5,1,1,0,2,0,'2024-08-13'),(277,122191,5,3,0,0,2,0,'2024-08-13'),(278,122193,5,3,1,0,2,0,'2024-08-13'),(279,122193,5,1,2,0,2,0,'2024-08-13'),(280,122193,5,7,2,0,2,0,'2024-08-13'),(281,122193,5,4,1,0,2,0,'2024-08-13'),(282,122193,10,40,1,0,2,0,'2024-08-13'),(283,122194,5,8,0,0,2,0,'2024-08-13'),(284,122194,8,8,1,0,2,0,'2024-08-13'),(285,122194,7,40,0,0,2,0,'2024-08-13'),(286,122194,24,1,0,0,2,0,'2024-08-13'),(287,122071,2,99,3,0,2,0,'2024-08-13'),(288,122071,5,4,2,0,2,0,'2024-08-13'),(289,122071,5,3,0,0,2,0,'2024-08-13'),(290,122071,10,1,1,0,2,0,'2024-08-13'),(291,122041,2,99,3,0,2,0,'2024-08-13'),(292,122072,7,99,2,0,2,0,'2024-08-13'),(293,122072,9,99,1,0,2,0,'2024-08-13'),(294,122090,2,99,0,0,2,0,'2024-08-13'),(295,122090,7,99,1,0,2,0,'2024-08-13'),(296,122094,2,99,0,0,2,0,'2024-08-13'),(297,122092,7,99,1,0,2,0,'2024-08-13'),(298,122092,5,1,1,0,2,0,'2024-08-13'),(299,122092,5,8,1,0,2,0,'2024-08-13'),(300,122092,5,4,2,0,2,0,'2024-08-13'),(301,122019,16,99,0,0,2,0,'2024-08-16'),(302,122019,2,99,0,0,2,0,'2024-08-13'),(303,121950,5,1,0,0,2,0,'2024-08-13'),(304,121970,2,99,1,0,2,0,'2024-08-13'),(305,121970,25,1,0,0,2,0,'2024-08-22'),(306,121970,16,99,0,0,2,0,'2024-08-13'),(311,121920,2,99,2,0,2,0,'2024-08-13'),(312,121920,25,3,0,0,2,0,'2024-08-13'),(313,121912,2,99,0,0,2,0,'2024-08-13'),(314,121913,7,99,1,0,2,0,'2024-08-13'),(315,121913,2,99,2,0,2,0,'2024-08-13'),(316,121913,7,33,0,0,2,0,'2024-08-13'),(317,121913,5,1,1,0,2,0,'2024-08-13'),(318,122224,10,1,0,1,2,0,'2024-08-13'),(319,131919,2,99,0,1,3,0,'2024-08-13'),(320,132020,14,1,0,0,3,0,'2024-08-13'),(321,132020,2,99,0,0,3,0,'2024-08-13'),(322,132019,5,7,0,0,3,0,'2024-08-13'),(323,132019,5,1,0,0,3,0,'2024-08-13'),(324,132019,2,99,0,0,3,0,'2024-08-13'),(325,132119,14,8,0,0,3,0,'2024-08-13'),(326,132119,14,1,0,0,3,0,'2024-08-13'),(327,131940,7,99,0,0,3,0,'2024-08-13'),(328,132029,14,1,0,1,3,0,'2024-08-13'),(330,132110,13,7,0,0,3,0,'2024-08-13'),(331,132110,4,99,1,0,3,0,'2024-08-13'),(332,132110,9,99,1,0,3,0,'2024-08-13'),(333,132110,10,1,1,0,3,0,'2024-08-13'),(334,132110,14,8,1,0,3,0,'2024-08-13'),(335,132110,14,3,0,0,3,0,'2024-08-13'),(336,132110,14,1,2,0,3,0,'2024-08-13'),(337,132122,10,1,2,1,3,17,'2024-08-13'),(338,132122,14,8,0,1,3,17,'2024-08-13'),(339,132122,14,1,2,1,3,17,'2024-08-13'),(340,132122,14,3,0,1,3,17,'2024-08-13'),(341,132210,14,16,0,0,3,0,'2024-08-13'),(342,132210,14,4,0,0,3,0,'2024-08-13'),(343,132210,14,8,0,0,3,0,'2024-08-13'),(344,132210,5,1,1,0,3,0,'2024-08-13'),(345,132210,5,3,0,0,3,0,'2024-08-13'),(346,132210,13,7,0,0,3,0,'2024-08-13'),(347,132210,13,1,0,0,3,0,'2024-08-13'),(348,132123,14,8,0,0,3,0,'2024-08-13'),(349,132123,14,4,0,0,3,0,'2024-08-13'),(350,132221,2,99,0,1,3,0,'2024-08-13'),(351,132223,4,99,0,1,3,32,'2024-09-27'),(352,132223,14,1,1,1,3,32,'2024-08-13'),(353,132163,10,7,2,0,3,0,'2024-08-13'),(354,131828,2,99,0,0,3,0,'2024-08-13'),(355,132014,5,4,1,0,3,0,'2024-08-13'),(356,132114,2,99,0,0,3,0,'2024-08-13'),(357,132114,14,1,1,0,3,0,'2024-08-13'),(358,132114,14,3,2,0,3,0,'2024-12-12'),(359,132116,4,99,0,0,3,0,'2024-08-13'),(360,132116,2,99,0,0,3,0,'2024-08-13'),(361,132118,9,99,1,0,3,0,'2024-08-13'),(362,131832,2,99,4,0,3,0,'2024-08-16'),(363,131833,2,99,1,0,3,0,'2024-08-16'),(365,132125,14,1,1,0,3,0,'2024-08-13'),(366,132125,14,8,1,0,3,0,'2024-08-13'),(367,132111,4,99,0,0,3,0,'2024-08-13'),(368,132111,2,99,0,0,3,0,'2024-08-13'),(369,121919,14,4,1,0,2,0,'2024-08-13'),(370,121940,14,4,0,0,2,0,'2024-08-13'),(371,121941,5,4,0,0,2,0,'2024-08-13'),(372,121921,5,4,0,0,2,0,'2024-08-13'),(373,121950,5,4,0,0,2,0,'2024-08-13'),(374,121970,5,4,0,0,2,0,'2024-08-13'),(375,121949,5,4,1,0,2,0,'2024-08-13'),(376,121914,5,4,0,0,2,0,'2024-08-13'),(377,122022,5,4,0,0,2,0,'2024-08-13'),(378,122021,5,4,0,0,2,0,'2024-08-13'),(379,122051,2,99,0,0,2,0,'2024-08-13'),(380,122019,5,4,0,0,2,0,'2024-08-13'),(381,122172,5,4,1,0,2,0,'2024-08-13'),(382,122133,5,4,0,0,2,0,'2024-08-13'),(383,122243,5,4,0,1,2,7,'2024-08-13'),(384,122191,16,99,1,0,2,0,'2024-08-13'),(385,122022,16,99,0,0,2,0,'2024-09-27'),(386,242131,2,99,1,1,15,11,'2024-08-13'),(387,242020,2,99,1,1,15,25,'2024-08-13'),(388,182010,7,99,2,0,8,0,'2024-08-13'),(389,152015,2,99,0,0,5,0,'2024-08-13'),(390,152116,4,99,0,0,5,0,'2024-10-15'),(391,152052,2,99,2,1,5,13,'2024-08-13'),(392,152053,2,99,1,1,5,12,'2024-08-13'),(393,152053,7,99,1,1,5,12,'2024-08-13'),(394,152017,2,99,1,1,5,0,'2024-08-13'),(395,152174,13,1,0,0,5,0,'2024-08-13'),(396,152174,26,99,4,0,5,0,'2024-08-13'),(397,152175,2,99,1,1,5,27,'2024-08-13'),(398,152175,13,7,0,1,5,0,'2024-08-13'),(399,172020,5,7,1,0,7,0,'2024-08-13'),(400,172130,14,1,2,0,7,0,'2024-08-13'),(401,172131,5,1,2,0,7,0,'2024-08-13'),(402,172151,5,1,3,0,7,0,'2024-08-13'),(403,172151,4,99,0,0,7,0,'2024-08-13'),(404,172171,2,99,1,0,7,0,'2024-08-13'),(405,172171,5,1,3,0,7,0,'2024-08-13'),(406,162121,14,3,2,1,6,20,'2024-08-13'),(407,162121,4,99,2,1,6,20,'2024-08-13'),(408,162011,4,99,0,1,6,21,'2024-08-13'),(410,252120,7,99,0,1,16,24,'2024-08-13'),(411,252155,26,99,0,0,16,0,'2024-08-13'),(412,212120,5,1,1,0,11,0,'2024-08-13'),(413,202011,5,1,1,0,10,0,'2024-08-13'),(417,202112,2,99,1,1,10,23,'2024-08-13'),(418,141915,26,99,5,1,4,19,'2024-08-13'),(419,142219,26,99,1,1,4,22,'2024-08-13'),(420,142299,2,99,2,0,4,0,'2024-08-13'),(421,122142,7,99,1,0,2,0,'2024-08-13'),(422,112014,7,99,1,0,1,0,'2024-08-13'),(423,111913,4,3,0,0,1,0,'2024-08-13'),(424,111913,20,3,1,0,1,0,'2024-08-13'),(425,111812,5,7,0,0,1,0,'2024-08-13'),(430,112214,3,99,0,0,1,0,'2024-08-13'),(431,112215,3,99,1,0,1,0,'2024-08-13'),(432,112216,3,99,0,0,1,0,'2024-08-13'),(433,112217,3,99,0,0,1,0,'2024-08-13'),(434,112214,27,99,2,0,1,0,'2024-08-23'),(435,112215,27,99,0,0,1,0,'2024-08-13'),(436,112216,27,99,0,0,1,0,'2024-08-13'),(437,112217,27,99,1,0,1,0,'2024-08-13'),(438,152194,2,99,1,0,5,0,'2024-08-13'),(439,131828,5,1,0,0,3,0,'2024-08-13'),(440,131939,10,4,1,0,3,0,'2024-08-16'),(441,132030,10,4,0,0,3,0,'2024-08-13'),(442,132030,2,99,0,0,3,0,'2024-08-13'),(443,131920,2,99,1,0,3,0,'2024-08-13'),(444,131920,5,1,1,0,3,0,'2024-08-20'),(445,131928,5,1,0,0,3,0,'2024-08-20'),(446,132022,2,99,1,1,3,30,'2024-08-13'),(447,131940,2,99,0,0,3,0,'2024-08-13'),(448,121921,9,99,2,0,2,0,'2024-08-13'),(449,122244,28,1,0,0,2,0,'2024-08-13'),(450,122244,28,3,0,0,2,0,'2024-08-13'),(451,122244,28,4,1,0,2,0,'2024-08-13'),(452,122244,28,11,1,0,2,0,'2024-08-13'),(453,122244,28,7,1,0,2,0,'2024-08-13'),(454,112214,29,1,1,0,1,0,'2024-08-13'),(455,112214,29,3,1,0,1,0,'2024-08-13'),(456,112214,29,4,0,0,1,0,'2024-08-13'),(457,112214,29,12,1,0,1,0,'2024-08-13'),(458,112214,29,8,0,0,1,0,'2024-08-13'),(459,112214,29,14,0,0,1,0,'2024-08-13'),(460,112214,13,1,0,0,1,0,'2024-08-13'),(461,112216,13,1,1,0,1,0,'2024-08-13'),(462,112216,29,1,1,0,1,0,'2024-08-13'),(463,112216,29,3,1,0,1,0,'2024-08-13'),(464,112216,29,4,1,0,1,0,'2024-08-13'),(465,112216,29,12,1,0,1,0,'2024-08-13'),(466,112216,29,8,1,0,1,0,'2024-08-13'),(467,112216,29,14,1,0,1,0,'2024-08-13'),(468,112215,29,1,0,0,1,0,'2024-08-13'),(469,112215,29,3,1,0,1,0,'2024-08-13'),(470,112215,29,4,1,0,1,0,'2024-08-13'),(471,112215,29,8,1,0,1,0,'2024-08-13'),(472,112215,29,12,1,0,1,0,'2024-08-13'),(473,112215,29,14,1,0,1,0,'2024-08-13'),(474,112215,13,1,0,0,1,0,'2024-08-13'),(475,112217,29,1,0,0,1,0,'2024-08-13'),(476,112217,29,3,1,0,1,0,'2024-08-13'),(477,112217,29,4,1,0,1,0,'2024-08-13'),(478,112217,29,8,1,0,1,0,'2024-08-13'),(479,112217,29,12,0,0,1,0,'2024-08-13'),(480,112217,29,14,1,0,1,0,'2024-08-13'),(481,112217,13,1,0,0,1,0,'2024-08-13'),(482,122091,2,99,1,0,2,0,'2024-08-13'),(483,122191,16,99,0,0,2,0,'2024-08-13'),(484,121949,14,4,0,0,2,0,'2024-08-13'),(485,121970,14,4,0,0,2,0,'2024-08-13'),(486,121950,14,4,0,0,2,0,'2024-08-13'),(487,121921,14,4,1,0,2,0,'2024-08-13'),(488,121941,14,4,0,0,2,0,'2024-08-13'),(489,122021,14,3,1,0,2,0,'2024-08-13'),(490,122021,14,1,1,0,2,0,'2024-08-13'),(491,132019,14,1,0,1,3,0,'2024-08-13'),(492,132019,14,3,0,0,3,0,'2024-08-13'),(493,122224,22,1,1,0,2,0,'2024-08-13'),(494,131918,14,16,0,0,3,0,'2024-08-13'),(495,131929,14,1,0,0,3,0,'2024-08-13'),(496,131929,14,3,0,0,3,0,'2024-08-13'),(497,132164,13,1,1,1,3,0,'2024-08-13'),(498,122114,5,4,1,1,2,7,'2024-08-13'),(499,121913,5,4,0,0,2,0,'2024-08-13'),(500,122019,5,1,0,0,2,0,'2024-08-13'),(501,122021,14,4,1,0,2,0,'2024-08-13'),(502,121940,5,4,0,0,2,0,'2024-08-13'),(503,122041,5,4,1,0,2,0,'2024-08-13'),(504,132016,2,99,0,0,3,0,'2024-08-13'),(505,111710,9,4,0,0,1,0,'2024-08-13'),(506,132014,7,99,1,1,3,15,'2024-08-13'),(507,122112,14,1,1,0,2,0,'2024-08-13'),(508,112115,7,99,0,0,1,0,'2024-08-13'),(509,112114,13,1,1,0,1,0,'2024-08-13'),(510,122243,14,1,1,0,2,0,'2024-08-13'),(511,122243,14,3,1,0,2,0,'2024-08-13'),(512,122244,2,99,0,0,2,0,'2024-08-13'),(513,122112,13,3,0,1,2,0,'2024-08-13'),(514,122112,13,1,1,1,2,0,'2024-08-13'),(515,122112,13,7,0,0,2,0,'2024-08-13'),(516,132233,13,7,0,1,3,0,'2024-08-13'),(517,132233,13,1,0,1,3,0,'2024-08-13'),(519,132221,13,1,0,1,3,18,'2024-08-13'),(520,132225,13,1,1,0,3,0,'2024-08-13'),(521,132210,13,3,0,0,3,0,'2024-08-13'),(522,132210,14,7,0,0,3,0,'2024-08-13'),(523,132210,14,1,0,0,3,0,'2024-08-13'),(524,132210,2,99,0,0,3,0,'2024-08-13'),(525,122112,5,8,0,0,2,0,'2024-08-13'),(526,122112,5,4,0,0,2,0,'2024-08-13'),(527,122112,5,9,0,0,2,0,'2024-08-13'),(528,122214,2,99,0,1,2,34,'2024-08-13'),(529,122222,14,1,1,0,2,0,'2024-08-13'),(530,122253,5,8,1,0,2,0,'2024-08-13'),(531,122253,2,99,0,0,2,0,'2024-08-13'),(532,122253,5,3,1,0,2,0,'2024-08-13'),(533,122253,13,1,0,0,2,0,'2024-08-13'),(534,122253,9,99,1,0,2,0,'2024-08-13'),(535,231919,5,4,0,0,14,0,'2024-08-13'),(536,231919,5,9,0,0,14,0,'2024-08-13'),(537,231919,5,1,0,0,14,0,'2024-08-13'),(538,132020,5,8,0,0,3,0,'2024-08-13'),(539,132020,14,4,0,0,3,0,'2024-08-13'),(540,132020,14,3,0,0,3,0,'2024-08-13'),(541,132022,5,4,0,1,3,30,'2024-08-13'),(542,132022,5,1,0,0,3,0,'2024-08-13'),(543,132022,5,8,0,1,3,30,'2024-08-13'),(544,132022,5,9,0,1,3,30,'2024-08-13'),(545,132022,5,3,1,1,3,30,'2024-08-13'),(546,162133,7,99,0,1,6,20,'2024-08-13'),(547,142131,5,1,1,0,4,0,'2024-08-13'),(548,142131,5,8,1,0,4,0,'2024-08-13'),(549,112012,14,19,0,0,1,0,'2024-08-13'),(550,111812,7,99,2,0,1,0,'2024-08-13'),(551,111812,9,17,0,0,1,0,'2024-08-13'),(552,111812,22,1,1,0,1,0,'2024-08-13'),(553,111913,26,99,1,0,1,0,'2024-08-13'),(554,111913,14,1,1,0,1,0,'2024-08-13'),(555,111913,14,4,0,0,1,0,'2024-08-13'),(556,111913,26,7,1,0,1,0,'2024-08-13'),(557,111913,5,6,1,0,1,0,'2024-08-13'),(558,111913,5,3,1,0,1,0,'2024-08-13'),(559,111913,22,1,2,0,1,0,'2024-08-13'),(560,112115,26,99,0,0,1,0,'2024-08-13'),(561,111813,13,3,0,0,1,0,'2024-08-13'),(562,111813,9,1,0,0,1,0,'2024-08-13'),(563,111813,9,4,3,0,1,0,'2024-08-13'),(564,111813,9,7,2,0,1,0,'2024-08-13'),(565,111813,9,17,1,0,1,0,'2024-08-13'),(566,112015,14,16,1,0,1,0,'2024-08-13'),(567,112015,14,34,1,0,1,0,'2024-08-13'),(568,112015,14,1,0,0,1,0,'2024-08-13'),(569,112015,14,17,1,0,1,0,'2024-08-13'),(570,111811,9,4,0,0,1,0,'2024-08-13'),(571,111811,9,17,1,0,1,0,'2024-08-13'),(572,111811,7,99,2,0,1,0,'2025-03-11'),(573,112013,7,99,1,0,1,0,'2024-08-13'),(574,112013,14,34,1,0,1,0,'2024-08-13'),(575,112013,14,17,0,0,1,0,'2024-08-13'),(576,112013,14,20,1,0,1,0,'2024-08-13'),(577,112013,14,4,1,0,1,0,'2024-08-13'),(578,112013,14,1,0,0,1,0,'2024-08-13'),(579,112013,14,14,1,0,1,0,'2024-08-13'),(580,112013,13,11,1,0,1,0,'2024-08-13'),(581,112014,2,99,1,0,1,0,'2024-08-13'),(582,112014,14,19,1,0,1,0,'2024-08-13'),(583,112014,5,14,1,0,1,0,'2024-08-13'),(584,112014,14,13,1,0,1,0,'2024-08-13'),(585,112014,14,14,0,0,1,0,'2024-08-13'),(586,112014,14,1,1,0,1,0,'2024-08-13'),(587,112012,26,1,0,0,1,0,'2024-08-13'),(588,112012,14,14,2,0,1,0,'2024-08-13'),(589,112014,14,34,0,0,1,0,'2024-08-13'),(590,111913,13,6,0,0,1,0,'2024-08-13'),(591,111913,10,7,1,0,1,0,'2024-08-13'),(592,111913,10,1,0,0,1,0,'2024-08-13'),(593,111913,7,99,0,0,1,0,'2024-08-13'),(594,111913,7,1,0,0,1,0,'2024-08-13'),(595,111913,2,4,1,0,1,0,'2024-08-13'),(596,111913,22,4,1,0,1,0,'2024-08-13'),(597,111911,16,99,0,0,1,0,'2024-08-13'),(598,111911,2,99,0,0,1,0,'2024-08-13'),(599,111911,7,3,0,0,1,0,'2024-08-13'),(600,111911,6,33,0,0,1,0,'2024-08-13'),(601,111911,20,40,2,0,1,0,'2024-08-13'),(602,111911,10,40,0,0,1,0,'2024-08-13'),(603,111911,28,1,0,0,1,0,'2024-08-13'),(604,122152,4,99,2,1,2,0,'2024-08-13'),(605,122152,7,99,1,0,2,0,'2024-08-13'),(606,122152,9,99,0,0,2,0,'2024-08-13'),(607,122123,7,99,0,0,2,0,'2024-08-13'),(608,122123,9,99,2,0,2,0,'2024-08-13'),(609,122192,7,99,1,0,2,0,'2024-08-13'),(610,122193,14,4,1,0,2,0,'2024-08-13'),(611,122191,2,99,0,0,2,0,'2024-08-13'),(612,122191,20,31,1,0,2,0,'2024-08-13'),(613,122193,20,31,0,0,2,0,'2024-08-13'),(614,122193,2,99,1,0,2,0,'2024-08-13'),(615,122192,20,31,0,0,2,0,'2024-08-13'),(616,122191,2,99,0,0,2,0,'2024-09-27'),(617,111710,9,13,1,0,1,0,'2024-08-13'),(618,111710,9,7,0,0,1,0,'2024-08-13'),(619,122194,2,99,1,0,2,0,'2024-08-13'),(620,122225,14,1,0,0,2,0,'2024-08-13'),(621,122182,7,99,0,0,2,0,'2024-08-13'),(622,111912,10,40,1,0,1,0,'2024-08-13'),(623,112014,28,1,1,0,1,0,'2024-08-13'),(624,112214,2,99,0,0,1,0,'2024-08-13'),(626,132114,13,1,0,0,3,0,'2024-08-13'),(627,112214,4,99,1,0,1,0,'2024-08-13'),(628,122214,26,99,1,1,2,34,'2024-08-13'),(629,122313,14,1,0,0,2,0,'2024-08-13'),(630,122313,14,4,0,0,2,0,'2024-08-13'),(631,122313,4,99,1,0,2,0,'2024-10-16'),(632,122214,14,8,0,1,2,34,'2024-08-13'),(633,122214,14,3,1,1,2,34,'2024-08-13'),(634,122214,14,1,1,1,2,34,'2024-08-13'),(638,132221,14,4,0,1,3,18,'2024-08-13'),(639,132221,14,8,0,1,3,18,'2024-08-13'),(640,132221,14,16,0,1,3,18,'2024-08-13'),(641,132221,14,1,0,1,3,18,'2024-08-14'),(642,132221,5,3,0,1,3,18,'2024-08-13'),(643,132212,4,99,1,0,3,0,'2024-08-13'),(644,132313,4,99,1,0,3,0,'2024-08-13'),(645,132314,4,99,1,0,3,0,'2024-08-13'),(646,122314,14,3,0,1,2,0,'2024-08-13'),(647,122314,14,7,0,1,2,0,'2024-08-13'),(648,122314,14,1,0,1,2,0,'2024-08-13'),(649,122314,14,4,1,1,2,0,'2024-08-13'),(650,122314,14,12,0,0,2,0,'2024-08-13'),(651,122314,14,16,0,0,2,0,'2024-08-13'),(652,142233,4,99,2,0,4,0,'2024-08-13'),(653,132210,10,1,0,0,3,0,'2024-08-13'),(654,132116,13,1,1,1,3,16,'2024-08-13'),(655,122051,10,1,0,0,2,0,'2024-08-13'),(656,122354,7,99,2,1,2,0,'2024-08-13'),(657,132029,7,99,0,1,3,0,'2025-02-05'),(658,132392,14,3,0,1,3,0,'2024-08-13'),(659,132392,14,1,0,1,3,41,'2024-08-13'),(660,132392,14,4,0,1,3,41,'2024-08-13'),(661,132392,14,8,0,1,3,0,'2024-08-13'),(662,132392,13,1,1,1,3,41,'2024-08-13'),(663,132392,13,11,1,1,3,41,'2024-08-13'),(664,132392,13,8,0,1,3,41,'2024-08-13'),(665,122354,14,1,1,1,2,0,'2024-08-13'),(666,122354,14,8,0,1,2,36,'2024-08-13'),(667,122354,14,3,1,1,2,0,'2024-08-13'),(668,122354,14,4,1,1,2,0,'2024-08-13'),(670,132392,4,99,0,1,3,41,'2024-08-13'),(671,122334,26,99,1,0,2,0,'2024-08-13'),(672,122354,26,99,0,1,2,36,'2024-08-13'),(673,122393,26,99,0,0,2,0,'2024-08-13'),(674,122392,26,99,0,0,2,0,'2024-10-04'),(675,122394,26,99,0,0,2,0,'2024-08-13'),(676,122192,4,99,0,0,2,0,'2024-08-13'),(677,122052,5,3,1,0,2,0,'2024-08-13'),(678,122052,5,8,0,0,2,0,'2024-08-13'),(679,122334,7,99,0,0,2,0,'2024-08-13'),(680,122334,13,1,0,0,2,0,'2024-08-13'),(681,122334,13,18,1,0,2,0,'2024-08-16'),(682,122334,13,8,0,0,2,0,'2024-08-13'),(683,122293,8,3,1,1,2,37,'2024-08-13'),(684,122293,8,1,0,1,2,37,'2024-10-21'),(685,122293,26,99,0,1,2,37,'2024-08-13'),(686,122213,5,1,0,0,2,0,'2024-08-13'),(687,122213,2,99,0,0,2,0,'2024-08-13'),(688,122022,5,7,1,0,2,0,'2024-08-13'),(689,122022,5,99,1,0,2,0,'2024-08-13'),(690,132210,4,99,1,0,3,0,'2024-08-13'),(691,132210,5,8,1,0,3,0,'2024-08-13'),(692,132212,14,1,1,0,3,0,'2024-08-13'),(693,132215,14,1,1,0,3,0,'2024-08-13'),(694,132214,14,1,1,0,3,0,'2024-08-13'),(695,132313,14,1,1,0,3,0,'2024-08-13'),(696,132314,14,1,1,0,3,0,'2024-08-13'),(697,132314,26,99,1,0,3,0,'2024-08-13'),(698,132315,26,99,1,0,3,0,'2024-08-13'),(699,132315,14,1,0,0,3,0,'2024-08-13'),(700,142233,26,99,2,1,4,0,'2024-08-13'),(701,142122,4,99,2,1,4,39,'2024-08-13'),(702,142122,14,18,0,1,4,39,'2024-08-13'),(703,142122,14,3,0,1,4,39,'2024-08-13'),(704,142122,14,1,0,1,4,39,'2024-08-13'),(705,142122,14,19,0,1,4,39,'2024-08-13'),(706,142011,2,99,2,0,4,0,'2024-08-13'),(707,142235,26,99,1,0,4,0,'2024-08-13'),(708,142235,14,1,1,0,4,0,'2024-08-13'),(709,142235,14,9,1,0,4,0,'2024-08-13'),(710,142235,14,3,1,0,4,0,'2024-08-13'),(711,242217,14,1,0,0,15,0,'2024-08-13'),(712,242217,14,9,0,0,15,0,'2024-08-13'),(713,242217,26,99,1,0,15,0,'2024-08-13'),(714,122314,28,18,0,0,2,0,'2024-08-13'),(715,122314,28,16,0,0,2,0,'2024-08-13'),(716,122314,28,6,0,0,2,0,'2024-08-13'),(717,122314,28,8,0,0,2,0,'2024-08-13'),(718,122314,28,1,0,0,2,0,'2024-08-13'),(719,122314,28,4,2,0,2,0,'2024-08-13'),(720,122314,28,3,0,0,2,0,'2024-08-13'),(721,112214,30,14,1,0,1,0,'2024-08-13'),(722,112214,30,13,1,0,1,0,'2024-08-13'),(723,112215,30,4,1,0,1,0,'2024-08-13'),(724,112215,30,18,1,0,1,0,'2024-08-13'),(725,112113,30,18,1,0,1,0,'2024-08-13'),(726,112113,30,13,1,0,1,0,'2024-08-13'),(727,112113,30,4,0,0,1,0,'2024-08-13'),(728,112114,30,4,1,0,1,0,'2024-08-13'),(729,112114,30,13,1,0,1,0,'2024-08-13'),(730,112114,30,14,1,0,1,0,'2024-08-13'),(731,112114,30,18,1,0,1,0,'2024-08-13'),(732,112115,30,4,1,0,1,0,'2024-08-13'),(733,112115,30,14,1,0,1,0,'2024-08-13'),(734,132332,28,4,0,0,3,0,'2024-08-13'),(735,132332,28,14,0,0,3,0,'2024-08-13'),(736,132332,28,6,1,0,3,0,'2024-08-13'),(737,132332,28,18,1,0,3,0,'2024-08-13'),(738,132332,28,3,0,0,3,0,'2024-08-13'),(739,132332,28,8,0,0,3,0,'2024-08-13'),(740,132332,28,1,0,0,3,0,'2024-08-13'),(741,132336,28,1,1,0,3,0,'2024-08-13'),(742,132336,28,8,1,0,3,0,'2024-08-13'),(743,132336,28,3,0,0,3,0,'2024-08-13'),(744,132336,28,4,0,0,3,0,'2024-08-13'),(745,132336,28,18,1,0,3,0,'2024-08-13'),(746,132336,28,6,1,0,3,0,'2024-08-13'),(747,132336,28,14,1,0,3,0,'2024-08-13'),(748,152217,26,99,1,1,5,40,'2024-08-13'),(749,992311,31,42,1,0,17,0,'2024-08-13'),(750,992311,31,43,1,0,17,0,'2024-08-13'),(754,982311,61,40,0,0,18,0,'2024-08-13'),(755,982311,65,40,0,0,18,0,'2024-08-13'),(756,982311,62,40,0,0,18,0,'2024-08-13'),(757,982311,63,40,0,0,18,0,'2024-08-13'),(758,982311,64,40,0,0,18,0,'2024-08-13'),(759,982311,66,40,0,0,18,0,'2024-08-13'),(760,982311,67,40,0,0,18,0,'2024-08-13'),(761,992311,32,4,0,0,17,0,'2024-08-13'),(762,992311,32,6,0,0,17,0,'2024-08-13'),(763,992311,32,1,1,0,17,0,'2024-08-13'),(764,992311,32,99,0,0,17,0,'2024-08-13'),(765,992311,32,10,0,0,17,0,'2024-08-13'),(766,992311,32,7,3,0,17,0,'2024-08-13'),(767,982312,68,40,0,0,18,0,'2024-08-13'),(768,982312,69,40,0,0,18,0,'2024-08-13'),(769,982312,70,40,0,0,18,0,'2024-08-13'),(770,132392,14,6,0,1,3,41,'2024-08-13'),(771,231931,10,1,0,0,14,0,'2024-08-13'),(772,172171,10,1,0,0,7,0,'2024-08-13'),(773,121940,10,1,0,0,2,0,'2024-08-13'),(774,132332,14,3,1,0,3,0,'2024-08-13'),(775,122334,14,4,1,0,2,0,'2024-08-13'),(776,122334,14,6,1,0,2,0,'2024-08-13'),(777,122334,14,3,1,0,2,0,'2024-08-13'),(778,122354,14,6,1,0,2,0,'2024-08-13'),(779,122354,4,99,0,0,2,0,'2024-08-13'),(780,122314,4,99,0,0,2,0,'2024-08-13'),(781,122314,14,6,1,0,2,0,'2024-08-13'),(782,122314,13,1,0,1,2,0,'2024-08-13'),(783,122314,13,8,0,0,2,0,'2024-08-13'),(784,122314,13,3,1,1,2,0,'2024-08-13'),(785,122314,13,6,0,0,2,0,'2024-08-13'),(786,122213,13,3,0,0,2,0,'2024-08-13'),(787,122213,14,6,1,0,2,0,'2024-08-13'),(788,122213,14,3,1,0,2,0,'2024-08-13'),(789,122213,14,18,1,0,2,0,'2024-08-13'),(790,122324,14,4,1,0,2,0,'2024-08-13'),(791,122324,14,1,1,0,2,0,'2024-08-13'),(792,122324,14,3,1,0,2,0,'2024-08-13'),(793,122324,14,18,2,0,2,0,'2024-08-13'),(794,122324,14,6,1,0,2,0,'2024-08-13'),(795,122324,14,14,1,0,2,0,'2024-08-13'),(796,132392,4,14,0,1,3,41,'2024-08-13'),(797,132392,28,1,0,1,3,41,'2024-08-13'),(798,132392,4,8,0,1,3,41,'2024-08-13'),(799,132392,4,18,0,1,3,41,'2024-08-13'),(800,132392,4,4,0,1,3,41,'2024-08-13'),(801,132392,13,6,0,1,3,41,'2024-08-13'),(802,132392,13,3,1,1,3,41,'2024-08-13'),(803,132332,4,99,0,1,3,0,'2024-08-14'),(804,132332,13,11,0,0,3,0,'2024-08-13'),(805,132332,13,1,0,0,3,0,'2024-08-13'),(806,132332,13,3,1,0,3,0,'2024-08-13'),(807,132332,13,8,0,0,3,0,'2024-08-13'),(808,132332,26,1,0,0,3,0,'2024-08-13'),(809,132332,26,14,0,0,3,0,'2024-08-13'),(811,132333,13,7,1,0,3,0,'2024-08-13'),(812,132333,4,99,0,1,3,0,'2024-08-13'),(813,132223,13,3,0,1,3,43,'2024-08-13'),(814,132333,13,1,0,1,3,0,'2024-08-13'),(815,122314,5,1,0,0,2,0,'2024-08-13'),(816,122314,14,17,0,0,2,0,'2024-08-13'),(817,132313,13,1,1,0,3,0,'2024-08-13'),(818,132313,5,4,1,0,3,0,'2024-08-13'),(819,112217,4,99,2,0,1,0,'2024-08-13'),(820,112216,4,99,2,0,1,0,'2024-08-13'),(821,112115,13,7,0,0,1,0,'2024-08-13'),(822,111911,4,99,0,0,1,0,'2024-08-13'),(823,111811,4,99,0,1,1,4,'2024-08-13'),(824,122225,4,99,0,0,2,0,'2024-08-30'),(825,122225,4,1,0,0,2,0,'2024-08-13'),(826,132392,4,99,0,1,3,41,'2024-08-13'),(827,132392,13,7,0,1,3,41,'2024-08-13'),(828,132392,13,10,0,1,3,41,'2024-08-13'),(829,132392,28,7,1,1,3,41,'2024-08-13'),(830,132392,28,3,0,1,3,41,'2024-10-31'),(831,132392,28,4,1,1,3,41,'2024-08-13'),(832,132392,28,16,0,1,3,41,'2024-08-13'),(833,112315,29,4,1,0,1,0,'2024-08-13'),(834,112315,29,16,1,0,1,0,'2024-08-13'),(835,112315,29,3,1,0,1,0,'2024-08-13'),(836,112315,29,1,1,0,1,0,'2024-08-13'),(837,112315,29,8,1,0,1,0,'2024-08-13'),(838,112315,29,18,1,0,1,0,'2024-08-13'),(839,112317,29,18,1,0,1,0,'2024-08-13'),(840,112317,29,4,1,0,1,0,'2024-08-13'),(841,112317,29,1,1,0,1,0,'2024-08-13'),(842,112317,29,8,1,0,1,0,'2024-08-13'),(843,112317,29,3,1,0,1,0,'2024-08-13'),(844,112317,29,16,1,0,1,0,'2024-08-13'),(845,112317,27,99,0,0,1,0,'2024-08-13'),(846,112316,27,99,1,0,1,0,'2024-08-13'),(847,112315,27,99,0,0,1,0,'2024-08-13'),(848,112318,27,99,0,0,1,0,'2024-08-13'),(849,112318,29,8,1,0,1,0,'2024-08-13'),(850,112318,29,18,1,0,1,0,'2024-08-13'),(851,112318,29,1,0,0,1,0,'2024-08-13'),(852,112318,29,3,1,0,1,0,'2024-08-13'),(853,112318,29,16,1,0,1,0,'2024-08-13'),(854,112318,29,4,1,0,1,0,'2024-08-13'),(855,112316,29,4,1,0,1,0,'2024-08-13'),(856,112316,29,18,1,0,1,0,'2024-08-13'),(857,112316,29,8,1,0,1,0,'2024-08-13'),(858,112316,29,16,1,0,1,0,'2024-08-13'),(859,112316,29,3,1,0,1,0,'2024-08-13'),(860,112316,29,1,1,0,1,0,'2024-08-13'),(861,112217,28,1,0,0,1,0,'2024-08-13'),(862,112217,28,6,1,0,1,0,'2024-08-13'),(863,111912,14,1,0,0,1,0,'2024-08-13'),(864,111912,14,8,0,0,1,0,'2024-09-02'),(865,111912,14,18,1,0,1,0,'2024-08-13'),(866,111912,14,3,1,0,1,0,'2024-08-13'),(867,111912,14,7,1,0,1,0,'2024-08-13'),(868,111912,14,4,1,0,1,0,'2024-08-13'),(869,111913,14,3,1,0,1,0,'2024-08-13'),(870,111913,14,18,1,0,1,0,'2024-08-13'),(871,111712,14,1,0,1,1,28,'2024-08-13'),(872,111712,14,8,1,1,1,28,'2024-08-13'),(873,112211,14,18,0,1,1,3,'2024-09-17'),(874,112211,14,4,1,1,1,3,'2024-08-13'),(875,112211,14,14,1,1,1,3,'2024-08-13'),(876,112211,14,8,0,1,1,3,'2024-09-09'),(877,112211,14,1,0,1,1,3,'2024-08-13'),(878,111712,14,3,0,1,1,28,'2024-08-13'),(879,111912,13,1,0,0,1,0,'2024-08-13'),(880,112012,13,1,0,0,1,0,'2024-08-13'),(881,112012,13,3,0,0,1,0,'2024-08-26'),(882,112012,13,8,1,0,1,0,'2024-08-13'),(883,112012,13,10,0,0,1,0,'2024-08-13'),(884,122393,4,99,1,0,2,0,'2024-08-13'),(885,122394,4,99,0,0,2,0,'2024-08-13'),(886,122293,4,99,0,1,2,37,'2024-08-13'),(887,122293,14,1,1,1,2,37,'2024-08-13'),(888,122293,14,3,0,1,2,37,'2024-08-13'),(889,122293,13,1,0,1,2,37,'2024-08-13'),(890,132392,14,18,1,1,3,41,'2024-08-13'),(891,132022,14,1,1,1,3,30,'2024-08-13'),(892,122314,13,7,0,1,2,0,'2024-08-13'),(893,122314,13,10,1,1,2,0,'2024-08-13'),(894,122314,7,99,0,0,2,0,'2024-08-13'),(895,122314,14,18,1,1,2,0,'2024-08-13'),(896,122314,14,14,0,1,2,0,'2024-08-13'),(897,122354,13,1,0,1,2,0,'2024-10-10'),(898,122354,13,7,1,1,2,0,'2024-08-13'),(899,122354,13,10,0,1,2,0,'2024-08-13'),(900,122354,13,3,0,1,2,0,'2024-10-08'),(901,122354,14,18,1,1,2,0,'2024-08-13'),(902,122354,14,7,1,1,2,0,'2024-08-13'),(903,112114,14,3,1,1,1,0,'2024-08-13'),(904,112114,14,45,0,1,1,0,'2024-08-13'),(905,112114,14,7,1,1,1,0,'2024-08-13'),(906,112114,14,1,1,1,1,0,'2024-08-13'),(907,122273,13,1,1,1,2,0,'2024-08-13'),(908,122273,14,1,1,1,2,0,'2024-08-13'),(909,122273,14,7,1,1,2,0,'2024-08-13'),(910,122273,7,99,1,1,2,0,'2024-08-13'),(911,122411,7,99,1,0,2,0,'2024-08-13'),(912,122411,14,1,0,0,2,0,'2024-08-13'),(913,122411,14,7,2,0,2,0,'2024-08-13'),(914,122411,14,3,1,0,2,0,'2024-08-13'),(915,122411,14,18,1,0,2,0,'2024-08-13'),(916,122411,14,14,1,0,2,0,'2024-08-13'),(917,122411,14,6,1,0,2,0,'2024-08-13'),(918,122412,14,6,1,0,2,0,'2024-08-13'),(919,122412,14,14,1,0,2,0,'2024-08-13'),(920,122412,14,4,1,0,2,0,'2024-08-13'),(921,122412,14,18,1,0,2,0,'2024-08-13'),(922,122412,14,3,0,0,2,0,'2024-08-13'),(923,122412,14,7,0,0,2,0,'2024-08-13'),(924,122412,14,1,0,0,2,0,'2024-08-13'),(925,122412,7,99,0,0,2,0,'2024-08-13'),(926,122415,7,99,0,0,2,0,'2024-08-13'),(927,122415,14,6,0,0,2,0,'2024-08-13'),(928,122415,14,14,0,0,2,0,'2024-08-13'),(929,122415,14,4,1,0,2,0,'2024-08-13'),(930,122415,14,18,0,0,2,0,'2024-09-19'),(931,122423,14,18,1,0,2,0,'2024-08-13'),(932,122423,14,4,1,0,2,0,'2024-08-13'),(933,122423,14,7,1,0,2,0,'2024-08-13'),(934,122423,14,1,1,0,2,0,'2024-08-13'),(935,122494,14,1,1,0,2,0,'2024-08-13'),(936,122494,14,7,1,0,2,0,'2024-08-13'),(937,122494,7,99,1,0,2,0,'2025-02-05'),(938,122495,7,99,1,0,2,0,'2025-02-05'),(939,122495,14,1,1,0,2,0,'2024-08-13'),(940,122495,14,7,1,0,2,0,'2024-08-13'),(941,122496,14,7,0,0,2,0,'2024-10-16'),(942,122496,14,1,0,0,2,0,'2024-09-26'),(943,122496,7,99,1,0,2,0,'2025-02-05'),(944,152194,7,99,1,0,5,0,'2024-08-13'),(945,152296,7,99,0,1,5,45,'2024-11-27'),(946,152398,7,99,1,1,5,0,'2024-08-13'),(947,152257,7,99,1,1,5,0,'2024-08-13'),(948,152358,7,99,1,1,5,0,'2024-08-13'),(949,152377,7,99,0,0,5,0,'2024-08-13'),(950,152310,7,99,0,0,5,0,'2024-09-03'),(951,142353,7,99,1,1,4,47,'2024-08-13'),(952,142355,7,99,1,0,4,0,'2024-08-13'),(953,112214,14,1,1,0,1,0,'2024-08-13'),(954,112214,14,7,1,0,1,0,'2024-08-13'),(955,112214,14,18,1,0,1,0,'2024-08-13'),(956,112214,14,14,1,0,1,0,'2024-08-13'),(957,112214,14,6,1,0,1,0,'2024-08-13'),(958,112214,14,4,1,0,1,0,'2024-08-13'),(959,112214,14,16,1,0,1,0,'2024-08-13'),(960,152193,5,1,0,1,5,27,'2024-08-13'),(961,152193,5,7,1,1,5,27,'2024-08-13'),(962,152193,5,4,1,1,5,27,'2024-08-13'),(963,152193,5,3,1,1,5,27,'2024-08-13'),(964,132412,14,1,1,0,3,0,'2024-08-13'),(965,132412,14,3,0,0,3,0,'2024-08-13'),(966,132412,14,4,2,0,3,0,'2024-08-13'),(967,122112,7,99,0,1,2,0,'2024-08-13'),(968,132392,7,99,0,1,3,41,'2024-08-19'),(969,172240,14,1,1,0,7,0,'2024-08-13'),(970,172240,14,3,1,1,7,0,'2024-08-13'),(971,172240,14,18,1,1,7,0,'2024-08-13'),(972,172240,14,14,1,1,7,0,'2024-08-13'),(973,172240,14,4,1,1,7,0,'2024-08-13'),(974,172240,14,19,2,1,7,0,'2024-08-13'),(975,172240,5,1,0,1,7,0,'2024-08-13'),(976,152215,7,99,1,0,5,0,'2024-08-13'),(977,172130,13,1,1,1,7,0,'2024-08-13'),(978,132020,5,1,0,0,3,0,'2024-08-26'),(979,132332,13,7,1,0,3,0,'2024-08-13'),(980,132333,7,99,0,1,3,0,'2024-08-13'),(981,132015,13,1,1,0,3,0,'2024-08-13'),(982,121970,5,8,0,0,2,0,'2024-08-13'),(983,121970,14,1,2,0,2,0,'2024-08-13'),(984,252222,7,99,1,0,16,0,'2024-08-13'),(985,132334,13,1,1,1,3,43,'2024-08-13'),(986,132412,13,1,1,0,3,0,'2024-08-13'),(987,132412,13,7,0,0,3,0,'2024-08-13'),(988,122415,14,7,0,0,2,0,'2024-08-13'),(989,122415,14,1,1,0,2,0,'2024-11-08'),(990,122415,14,3,1,0,2,0,'2024-08-13'),(991,172373,28,1,0,0,7,0,'2024-08-13'),(992,172373,28,3,0,0,7,0,'2024-08-13'),(993,172373,28,7,0,0,7,0,'2024-08-13'),(994,172354,28,40,0,0,7,0,'2024-08-13'),(995,132412,10,1,0,0,3,0,'2024-09-06'),(996,132423,7,99,3,0,3,0,'2024-08-13'),(997,152378,7,99,1,1,5,46,'2024-08-13'),(998,122412,10,1,0,0,2,0,'2024-08-13'),(999,122415,10,1,0,0,2,0,'2024-08-13'),(1000,132412,13,1,0,0,3,0,'2024-08-13'),(1001,132423,13,3,1,0,3,0,'2024-08-13'),(1002,152398,13,3,1,0,5,0,'2024-08-13'),(1003,122415,13,3,0,0,2,0,'2024-08-13'),(1004,122415,13,1,0,0,2,0,'2024-08-13'),(1005,122415,13,7,0,0,2,0,'2024-08-13'),(1006,132423,10,1,0,0,3,0,'2024-08-13'),(1007,132423,28,7,1,0,3,0,'2024-08-13'),(1008,132423,28,18,0,0,3,0,'2024-08-13'),(1009,242389,28,18,0,0,15,0,'2024-08-13'),(1010,132433,8,99,1,0,3,0,'2024-08-13'),(1011,132433,8,1,0,0,3,0,'2024-08-13'),(1012,132423,8,1,1,0,3,0,'2024-08-13'),(1013,132423,8,99,0,0,3,0,'2024-08-13'),(1014,132425,8,7,2,0,3,0,'2024-08-13'),(1015,132425,8,99,2,0,3,0,'2024-08-13'),(1016,132425,8,1,2,0,3,0,'2024-08-13'),(1017,132412,13,3,1,0,3,0,'2024-08-13'),(1018,122425,14,8,1,0,2,0,'2024-08-13'),(1019,122425,14,3,1,0,2,0,'2024-08-13'),(1020,122425,14,4,0,0,2,0,'2024-10-04'),(1021,122425,14,1,0,0,2,0,'2024-08-23'),(1022,122425,14,16,1,0,2,0,'2024-08-13'),(1023,132412,14,19,0,0,3,0,'2024-08-13'),(1024,132412,14,8,1,0,3,0,'2024-08-13'),(1025,132412,13,8,0,0,3,0,'2024-09-19'),(1026,132412,7,99,0,0,3,0,'2024-09-10'),(1027,122415,4,99,1,0,2,0,'2024-10-10'),(1028,122415,13,11,1,0,2,0,'2024-08-13'),(1029,122415,14,8,0,0,2,0,'2024-08-13'),(1030,122071,7,99,0,0,2,0,'2024-08-13'),(1031,122415,11,40,2,0,2,0,'2024-09-20'),(1032,132412,8,1,0,0,3,0,'2024-11-19'),(1033,132412,8,19,1,0,3,0,'2024-08-13'),(1034,132412,8,14,1,0,3,0,'2024-08-13'),(1035,132412,8,4,1,0,3,0,'2024-08-13'),(1036,132412,8,34,1,0,3,0,'2024-08-13'),(1037,132412,13,11,1,0,3,0,'2024-08-13'),(1038,132423,11,40,1,0,3,0,'2024-08-13'),(1039,132423,14,1,2,0,3,0,'2024-08-13'),(1040,132423,14,3,1,0,3,0,'2024-08-13'),(1041,132423,14,6,1,0,3,0,'2024-08-13'),(1042,132423,14,4,1,0,3,0,'2024-08-13'),(1043,132423,14,18,1,0,3,0,'2024-08-13'),(1044,152460,14,1,1,0,5,0,'2024-08-13'),(1045,252414,13,1,1,0,16,0,'2025-03-11'),(1046,252414,13,8,1,0,16,0,'2024-08-13'),(1047,172450,14,7,0,0,7,0,'2024-08-13'),(1048,112116,7,99,2,0,1,0,'2024-08-13'),(1049,112315,11,40,0,0,1,0,'2024-08-13'),(1050,112316,11,40,0,0,1,0,'2024-08-13'),(1051,112317,11,40,0,0,1,0,'2024-08-13'),(1052,112318,11,40,0,0,1,0,'2024-08-13'),(1053,122324,4,99,1,0,2,0,'2024-08-13'),(1054,252424,10,1,0,0,16,0,'2024-08-13'),(1055,132216,4,99,1,1,3,51,'2024-08-13'),(1056,262229,14,1,1,0,22,0,'2024-08-13'),(1057,122214,14,4,1,1,2,34,'2024-08-13'),(1058,122214,7,99,1,1,2,34,'2024-08-13'),(1059,122214,14,99,1,1,2,34,'2024-08-13'),(1060,992311,5,1,2,0,17,0,'2024-08-13'),(1061,992311,5,3,1,0,17,0,'2024-08-13'),(1065,121111,33,99,1,0,2,0,'2024-08-16'),(1066,121111,33,1,1,0,2,0,'2024-08-16'),(1067,121111,33,7,1,0,2,0,'2024-08-16'),(1068,121112,33,99,3,0,2,0,'2024-08-16'),(1069,121113,33,99,1,0,2,0,'2024-08-16'),(1070,121114,33,99,1,0,2,0,'2024-08-16'),(1071,121115,33,99,1,0,2,0,'2024-08-16'),(1072,121116,33,99,2,0,2,0,'2024-08-16'),(1073,121117,33,4,1,0,2,0,'2024-08-16'),(1074,121117,33,1,1,0,2,0,'2024-08-16'),(1075,121117,33,99,1,0,2,0,'2024-08-16'),(1076,121118,33,99,1,0,2,0,'2024-08-16'),(1077,121119,33,1,1,0,2,0,'2024-08-16'),(1078,121119,33,7,1,0,2,0,'2024-08-16'),(1079,121119,33,4,1,0,2,0,'2024-08-16'),(1080,121119,33,99,1,0,2,0,'2024-08-16'),(1081,121120,33,3,1,0,2,0,'2024-08-16'),(1082,121121,33,8,1,0,2,0,'2024-08-16'),(1083,121122,33,99,1,0,2,0,'2024-08-16'),(1084,121123,33,4,2,0,2,0,'2024-08-16'),(1085,121123,33,16,1,0,2,0,'2024-08-16'),(1086,121125,33,99,2,0,2,0,'2024-08-16'),(1087,121125,33,1,1,0,2,0,'2024-08-16'),(1088,121126,33,99,1,0,2,0,'2024-08-16'),(1089,121127,33,99,1,0,2,0,'2024-08-16'),(1090,172151,22,1,1,0,7,0,'2024-08-16'),(1091,172373,5,1,1,1,7,0,'2024-08-16'),(1092,112315,27,34,1,0,1,0,'2024-08-23'),(1093,112315,27,1,1,0,1,0,'2024-08-23'),(1094,112316,27,1,1,0,1,0,'2024-08-23'),(1095,112317,27,34,1,0,1,0,'2024-08-23'),(1096,112317,27,1,0,0,1,0,'2024-08-28'),(1097,112318,27,4,1,0,1,0,'2024-08-23'),(1098,112214,27,14,1,0,1,0,'2024-08-23'),(1099,112216,27,14,1,0,1,0,'2024-08-23'),(1100,112216,27,1,1,0,1,0,'2024-08-23'),(1101,112215,27,1,1,0,1,0,'2024-08-23'),(1102,112215,27,14,1,0,1,0,'2024-08-23'),(1103,112217,27,14,1,0,1,0,'2024-08-23'),(1104,112113,27,99,0,0,1,0,'2024-08-29'),(1105,112114,27,99,1,0,1,0,'2024-08-23'),(1106,112115,27,99,0,0,1,0,'2024-11-13'),(1107,172450,14,1,1,0,7,0,'2024-09-05'),(1108,172450,14,3,1,0,7,0,'2024-08-29'),(1109,172450,14,19,0,0,7,0,'2024-08-29'),(1110,13242,14,19,2,0,3,0,'2024-08-23'),(1111,13242,14,16,1,0,3,0,'2024-08-23'),(1112,13242,14,1,1,0,3,0,'2024-09-03'),(1113,13242,14,8,1,0,3,0,'2024-08-23'),(1114,13242,14,3,1,0,3,0,'2024-08-23'),(1115,13242,14,4,1,0,3,0,'2024-08-23'),(1116,13241,14,3,1,0,3,0,'2024-08-23'),(1117,17231,14,3,1,0,7,0,'2024-08-23'),(1118,17231,14,8,1,0,7,0,'2024-08-23'),(1119,17231,14,19,0,0,7,0,'2024-09-09'),(1120,17231,14,1,2,0,7,0,'2024-08-23'),(1121,202012,10,1,2,0,10,0,'2024-08-23'),(1122,152460,2,99,1,0,5,0,'2024-08-23'),(1123,13241,14,4,1,0,3,0,'2024-08-23'),(1124,13241,14,19,1,0,3,0,'2024-08-23'),(1125,13241,14,8,0,0,3,0,'2024-08-26'),(1126,172354,14,8,1,0,7,0,'2024-08-23'),(1127,172354,14,19,0,0,7,0,'2024-10-04'),(1128,172354,14,1,1,0,7,0,'2024-08-23'),(1129,172354,14,3,1,0,7,0,'2024-08-23'),(1130,172354,13,1,1,0,7,0,'2024-08-23'),(1131,172354,13,8,1,0,7,0,'2024-08-23'),(1132,122536,7,99,1,0,2,0,'2025-02-05'),(1133,122536,5,1,1,0,2,0,'2025-02-05'),(1134,122536,5,8,1,0,2,0,'2025-02-05'),(1135,122536,5,3,1,0,2,0,'2025-02-05'),(1136,122536,5,6,1,0,2,0,'2025-02-05'),(1137,122536,5,19,1,0,2,0,'2025-02-05'),(1138,122536,5,4,1,0,2,0,'2025-02-05'),(1139,122556,7,99,1,0,2,0,'2025-02-05'),(1140,122556,5,1,1,0,2,0,'2025-02-05'),(1141,122556,5,8,1,0,2,0,'2025-02-05'),(1142,122556,5,3,1,0,2,0,'2025-02-05'),(1143,122556,5,6,1,0,2,0,'2025-02-05'),(1144,122556,5,4,1,0,2,0,'2025-02-05'),(1145,122556,5,19,1,0,2,0,'2025-02-05'),(1146,122233,5,1,1,0,2,0,'2025-02-05'),(1147,122425,22,1,1,0,2,0,'2025-02-05'),(1148,122425,22,3,1,0,2,0,'2025-02-05'),(1149,122424,15,1,1,0,2,0,'2025-02-05'),(1150,122424,15,34,1,0,2,0,'2025-02-05'),(1151,122527,7,99,1,0,2,0,'2025-02-05'),(1152,122526,10,1,1,0,2,0,'2025-02-05'),(1153,122526,7,99,1,0,2,0,'2025-02-05'),(1154,122526,5,1,1,0,2,0,'2025-02-05'),(1155,122526,5,8,1,0,2,0,'2025-02-05'),(1156,122526,5,3,1,0,2,0,'2025-02-05'),(1157,122526,5,6,1,0,2,0,'2025-02-05'),(1158,122526,5,4,1,0,2,0,'2025-02-05'),(1159,122526,5,19,1,0,2,0,'2025-02-05'),(1160,122516,22,3,1,0,2,0,'2025-02-05'),(1161,122516,22,1,1,0,2,0,'2025-02-05'),(1162,122516,7,99,2,0,2,0,'2025-02-05'),(1163,122516,26,1,1,0,2,0,'2025-02-05'),(1164,122516,26,19,1,0,2,0,'2025-02-05'),(1165,122516,26,4,1,0,2,0,'2025-02-05'),(1166,122516,5,19,1,0,2,0,'2025-02-05'),(1167,122516,5,4,1,0,2,0,'2025-02-05'),(1168,122516,5,6,1,0,2,0,'2025-02-05'),(1169,122516,5,3,1,0,2,0,'2025-02-05'),(1170,122516,5,8,1,0,2,0,'2025-02-05'),(1171,122516,5,1,1,0,2,0,'2025-02-05'),(1172,12256,7,99,2,0,2,0,'2025-02-05'),(1173,12256,5,4,1,0,2,0,'2025-02-05'),(1174,12256,5,6,1,0,2,0,'2025-02-05'),(1175,12256,5,3,1,0,2,0,'2025-02-05'),(1176,12256,5,8,1,0,2,0,'2025-02-05'),(1177,12256,5,1,1,0,2,0,'2025-02-05'),(1178,12256,5,19,1,0,2,0,'2025-02-05'),(1179,122415,22,1,1,0,2,0,'2025-03-12'),(1180,122435,22,1,1,0,2,0,'2025-02-05'),(1181,13251,14,8,1,0,3,0,'2025-03-11'),(1182,13251,14,1,1,0,3,0,'2025-03-11'),(1183,13251,14,3,1,0,3,0,'2025-03-11'),(1184,13251,14,19,1,0,3,0,'2025-03-11'),(1185,13252,14,1,1,0,3,0,'2025-03-11'),(1186,13252,14,4,1,1,3,0,'2025-03-11'),(1187,13252,14,19,1,0,3,0,'2025-03-11'),(1188,13252,14,16,1,0,3,0,'2025-03-11'),(1189,13252,14,3,1,0,3,0,'2025-03-11'),(1190,13252,14,8,1,0,3,0,'2025-03-11'),(1191,13252,13,10,1,0,3,0,'2025-03-11'),(1192,13252,13,6,1,0,3,0,'2025-03-11'),(1193,13252,13,1,1,0,3,0,'2025-03-11'),(1194,252484,14,8,1,0,16,0,'2025-03-11'),(1195,252484,14,1,1,0,16,0,'2025-03-11'),(1196,252414,13,3,1,0,16,0,'2025-03-11'),(1197,111617,5,8,2,1,1,3,'2025-03-11'),(1198,111617,5,3,2,1,1,3,'2025-03-11'),(1199,111617,5,4,1,1,1,3,'2025-03-11'),(1200,111617,5,6,1,1,1,3,'2025-03-11'),(1201,111617,5,19,1,1,1,3,'2025-03-11'),(1202,111617,5,16,1,1,1,3,'2025-03-11'),(1203,111617,7,99,2,1,1,3,'2025-03-11'),(1204,111911,7,99,2,0,1,0,'2025-03-11'),(1205,111911,14,8,1,0,1,0,'2025-03-11'),(1206,111911,14,16,1,0,1,0,'2025-03-11'),(1207,111911,14,4,1,0,1,0,'2025-03-11'),(1208,112113,14,16,1,0,1,0,'2025-03-11'),(1209,112113,14,19,1,0,1,0,'2025-03-11'),(1210,112113,14,8,1,0,1,0,'2025-03-11'),(1211,112113,14,1,2,0,1,0,'2025-03-11'),(1212,132515,14,1,2,0,3,0,'2025-03-11'),(1213,132515,8,4,1,0,3,0,'2025-03-11'),(1214,132515,8,1,3,0,3,0,'2025-03-11'),(1215,132311,14,1,1,0,3,0,'2025-03-11'),(1216,132311,14,8,1,0,3,0,'2025-03-11'),(1217,132311,14,3,1,0,3,0,'2025-03-11'),(1218,132311,14,4,1,0,3,0,'2025-03-11'),(1219,132311,14,19,1,0,3,0,'2025-03-11'),(1220,132520,13,1,1,0,3,0,'2025-03-11'),(1221,132326,13,1,1,0,3,0,'2025-03-11'),(1222,132525,13,1,1,0,3,0,'2025-03-11'),(1223,132525,13,8,1,0,3,0,'2025-03-11'),(1224,132526,13,8,1,0,3,0,'2025-03-11'),(1225,132526,13,1,1,0,3,0,'2025-03-11'),(1226,122415,5,3,1,0,2,0,'2025-03-12'),(1227,122415,5,19,1,0,2,0,'2025-03-12');
/*!40000 ALTER TABLE `stock` ENABLE KEYS */;
UNLOCK TABLES;

--
-- Table structure for table `tipo`
--

DROP TABLE IF EXISTS `tipo`;
/*!40101 SET @saved_cs_client     = @@character_set_client */;
/*!40101 SET character_set_client = utf8 */;
CREATE TABLE `tipo` (
  `idTipo` int(11) NOT NULL AUTO_INCREMENT,
  `nombreTipo` varchar(50) NOT NULL,
  `refTipo` int(2) NOT NULL,
  `pvp` decimal(10,2) NOT NULL,
  PRIMARY KEY (`idTipo`),
  UNIQUE KEY `refTipo` (`refTipo`)
) ENGINE=InnoDB AUTO_INCREMENT=56 DEFAULT CHARSET=utf8mb4 COLLATE=utf8mb4_general_ci;
/*!40101 SET character_set_client = @saved_cs_client */;

--
-- Dumping data for table `tipo`
--

LOCK TABLES `tipo` WRITE;
/*!40000 ALTER TABLE `tipo` DISABLE KEYS */;
INSERT INTO `tipo` VALUES (2,'GEL/SILICONA',2,4.00),(3,'GEL TPU',3,4.00),(4,'PREMIUM',4,5.00),(5,'COLOR',5,5.00),(6,'DECORADA',6,10.00),(7,'REFORZADA',7,6.00),(8,'ALTO IMPACTO',8,10.00),(9,'PROTECCION 360',9,8.00),(10,'LIBRO',10,8.00),(11,'DELUXE',11,10.00),(13,'REFORZADA+ANILLO',13,12.00),(14,'COLOR PREMIUM',14,6.00),(15,'REFORZADA INALAMBRICA',15,10.00),(16,'REFORZADA CON CUERDA',16,8.00),(17,'REFORZADA TARJETA',17,10.00),(18,'ALUMINIO',18,8.00),(20,'IRIDISCENTE',20,10.00),(21,'ESPEJO',21,8.00),(22,'PURPURINA',19,12.00),(23,'LIBRO PREMIUM',22,12.00),(24,'MADERA',23,10.00),(25,'ALTO IMPACTO PREMIUM',24,15.00),(26,'GEL CON ANILLO',25,6.00),(27,'REFORZADA PREMIUM',26,7.00),(28,'CARGA MAGNETICA',27,15.00),(29,'SILICONA SUAVE',28,7.00),(31,'SILKY',29,10.00),(32,'Cristal Templado',50,5.00),(33,'Cristal Templado Full',51,8.00),(34,'Cristal Templado Premium',52,15.00),(35,'Cristal Flexible',53,20.00),(36,'ACOLCHADO ROMBO',30,8.00),(37,'ANTE',31,8.00),(38,'CUERDA PREMIUM',61,8.00),(39,'CUERDA NUDO',62,8.00),(40,'PLANO FINO',63,3.00),(41,'PLANO ANCHO',64,5.00),(42,'PULSERA CUERDA PREMIUM',65,7.00),(43,'CUERDA BASICA',66,4.00),(44,'ANILLA PARA CUERDA UND.',67,3.00),(45,'IMPERMEABLE AIRE',32,7.00),(46,'MI BAND 5-6 ',68,4.00),(48,'MI BAND 5/6 DECORADA',69,5.00),(49,'MI BAND 7',70,4.00),(55,'Descatalogado',33,2.00);
/*!40000 ALTER TABLE `tipo` ENABLE KEYS */;
UNLOCK TABLES;

--
-- Table structure for table `usuarios`
--

DROP TABLE IF EXISTS `usuarios`;
/*!40101 SET @saved_cs_client     = @@character_set_client */;
/*!40101 SET character_set_client = utf8 */;
CREATE TABLE `usuarios` (
  `idUsuario` int(3) NOT NULL AUTO_INCREMENT,
  `usuario` varchar(25) NOT NULL,
  `password` varchar(128) NOT NULL,
  `lastLog` datetime NOT NULL DEFAULT current_timestamp(),
  PRIMARY KEY (`idUsuario`)
) ENGINE=InnoDB AUTO_INCREMENT=2 DEFAULT CHARSET=latin1 COLLATE=latin1_swedish_ci;
/*!40101 SET character_set_client = @saved_cs_client */;

--
-- Dumping data for table `usuarios`
--

LOCK TABLES `usuarios` WRITE;
/*!40000 ALTER TABLE `usuarios` DISABLE KEYS */;
INSERT INTO `usuarios` VALUES (1,'admin','$2y$12$VBj3O69AMNOIiDVWyQH.mu2pzBNPcJp0DjPIqHB1Wxoh1JHRq.Gki','2025-04-22 00:00:00');
/*!40000 ALTER TABLE `usuarios` ENABLE KEYS */;
UNLOCK TABLES;

--
-- Table structure for table `year`
--

DROP TABLE IF EXISTS `year`;
/*!40101 SET @saved_cs_client     = @@character_set_client */;
/*!40101 SET character_set_client = utf8 */;
CREATE TABLE `year` (
  `idYear` int(2) NOT NULL AUTO_INCREMENT,
  `year` int(4) NOT NULL,
  `refYear` int(2) NOT NULL,
  PRIMARY KEY (`idYear`),
  UNIQUE KEY `refYear` (`refYear`),
  KEY `refYear_2` (`refYear`)
) ENGINE=InnoDB AUTO_INCREMENT=26 DEFAULT CHARSET=utf8mb4 COLLATE=utf8mb4_general_ci;
/*!40101 SET character_set_client = @saved_cs_client */;

--
-- Dumping data for table `year`
--

LOCK TABLES `year` WRITE;
/*!40000 ALTER TABLE `year` DISABLE KEYS */;
INSERT INTO `year` VALUES (1,2022,22),(2,2021,21),(3,2020,20),(4,2019,19),(5,2018,18),(6,2017,17),(19,2016,16),(20,2023,23),(21,2024,24),(22,2025,25),(23,2000,0),(24,2010,10),(25,2011,11);
/*!40000 ALTER TABLE `year` ENABLE KEYS */;
UNLOCK TABLES;

--
-- Dumping routines for database 'conexion_fundas'
--
/*!40103 SET TIME_ZONE=@OLD_TIME_ZONE */;

/*!40101 SET SQL_MODE=@OLD_SQL_MODE */;
/*!40014 SET FOREIGN_KEY_CHECKS=@OLD_FOREIGN_KEY_CHECKS */;
/*!40014 SET UNIQUE_CHECKS=@OLD_UNIQUE_CHECKS */;
/*!40101 SET CHARACTER_SET_CLIENT=@OLD_CHARACTER_SET_CLIENT */;
/*!40101 SET CHARACTER_SET_RESULTS=@OLD_CHARACTER_SET_RESULTS */;
/*!40101 SET COLLATION_CONNECTION=@OLD_COLLATION_CONNECTION */;
/*!40111 SET SQL_NOTES=@OLD_SQL_NOTES */;

-- Dump completed on 2025-04-23  0:57:49
