-- phpMyAdmin SQL Dump
-- version 5.2.1
-- https://www.phpmyadmin.net/
--
-- Servidor: 127.0.0.1
-- Tiempo de generación: 25-08-2025 a las 10:25:54
-- Versión del servidor: 10.4.32-MariaDB
-- Versión de PHP: 8.2.12

SET SQL_MODE = "NO_AUTO_VALUE_ON_ZERO";
START TRANSACTION;
SET time_zone = "+00:00";


/*!40101 SET @OLD_CHARACTER_SET_CLIENT=@@CHARACTER_SET_CLIENT */;
/*!40101 SET @OLD_CHARACTER_SET_RESULTS=@@CHARACTER_SET_RESULTS */;
/*!40101 SET @OLD_COLLATION_CONNECTION=@@COLLATION_CONNECTION */;
/*!40101 SET NAMES utf8mb4 */;

--
-- Base de datos: `fundas`
--

-- --------------------------------------------------------

--
-- Estructura de tabla para la tabla `color`
--

CREATE TABLE `color` (
  `idColor` int(11) NOT NULL,
  `nombreColor` varchar(50) NOT NULL,
  `refColor` int(11) NOT NULL,
  `thumb` varchar(150) NOT NULL
) ENGINE=InnoDB DEFAULT CHARSET=utf8mb4 COLLATE=utf8mb4_general_ci;

--
-- Volcado de datos para la tabla `color`
--

INSERT INTO `color` (`idColor`, `nombreColor`, `refColor`, `thumb`) VALUES
(1, 'TRANSPARENTE', 99, ''),
(2, 'NEGRO', 1, '#111111'),
(5, 'BLANCO', 2, '#ffffff'),
(6, 'ROJO', 3, '#ff0000'),
(7, 'ROSA', 4, '#ff5252'),
(8, 'NARANJA', 5, '#ec4d09'),
(9, 'AMARILLO', 6, '#ecd909'),
(10, 'AZUL', 7, '#0702f7'),
(11, 'AZUL MARINO', 8, '#020d5f'),
(12, 'AZUL CLARO', 9, '#50bcf2'),
(13, 'VERDE', 10, '#0ad62c'),
(14, 'VERDE OSCURO', 11, '#044e13'),
(15, 'VERDE CLARO', 12, '#62ea7d'),
(16, 'FUCSIA', 13, '#ec2255'),
(17, 'MORADO', 14, '#ee00ff'),
(18, 'MULTICOLOR 1', 20, '#000000'),
(19, 'MULTICOLOR 2', 21, '#000000'),
(20, 'MULTICOLOR 3', 22, '#000000'),
(21, 'MULTICOLOR 4', 23, '#000000'),
(22, 'ESPEJO', 30, '#c7c7c7'),
(23, 'IRIDISCENTE', 31, '#000000'),
(24, 'METALICA', 32, '#000000'),
(25, 'GRIS', 15, '#8c8c8c'),
(26, 'DESIGN', 40, '#000000'),
(27, 'ARENA', 41, '#000000'),
(28, 'DEGRADADO', 33, '#000000'),
(29, 'MALVA', 16, '#cdc3f3'),
(30, 'DORADO', 17, '#e3e60f'),
(31, 'PISTACHO', 18, '#cdf53d'),
(32, 'CELESTE', 19, '#70e0eb'),
(33, 'PLATA', 34, '#c9c5c5'),
(34, 'CALBLANQUE', 42, '#e9c767'),
(35, 'CAMPOAMOR', 43, '#714f28'),
(36, 'VINO', 45, '#7a0000');

-- --------------------------------------------------------

--
-- Estructura de tabla para la tabla `marca`
--

CREATE TABLE `marca` (
  `idMarca` int(11) NOT NULL,
  `nombreMarca` varchar(50) NOT NULL,
  `refMarca` int(2) NOT NULL
) ENGINE=InnoDB DEFAULT CHARSET=utf8mb4 COLLATE=utf8mb4_general_ci;

--
-- Volcado de datos para la tabla `marca`
--

INSERT INTO `marca` (`idMarca`, `nombreMarca`, `refMarca`) VALUES
(1, 'iPhone', 11),
(2, 'Samsung', 12),
(3, 'Xiaomi', 13),
(4, 'Realme', 14),
(5, 'Oppo', 15),
(6, 'Vivo', 16),
(7, 'ZTE', 17),
(8, 'LG', 18),
(9, 'Sony', 19),
(10, 'Alcatel', 20),
(11, 'TCL', 21),
(12, 'One Plus', 22),
(14, 'Huawei', 23),
(15, 'Honor', 24),
(16, 'Motorola', 25),
(17, 'Universal', 99),
(18, 'Accesorios', 98),
(22, 'Nokia', 26);

-- --------------------------------------------------------

--
-- Estructura de tabla para la tabla `modelo`
--

CREATE TABLE `modelo` (
  `idModelo` int(11) NOT NULL,
  `nombreModelo` varchar(80) NOT NULL,
  `refModelo` int(11) NOT NULL,
  `refMarca` int(2) NOT NULL,
  `refYear` int(2) NOT NULL
) ENGINE=InnoDB DEFAULT CHARSET=utf8mb4 COLLATE=utf8mb4_general_ci;

--
-- Volcado de datos para la tabla `modelo`
--

INSERT INTO `modelo` (`idModelo`, `nombreModelo`, `refModelo`, `refMarca`, `refYear`) VALUES
(1, '13', 13, 11, 21),
(2, '13 Pro', 14, 11, 21),
(3, '13 Pro Max', 15, 11, 21),
(4, '13 Mini', 16, 11, 21),
(5, '12', 12, 11, 20),
(6, '12 Pro', 13, 11, 20),
(7, '12 Pro Max', 14, 11, 20),
(8, '12 Mini', 15, 11, 20),
(9, '11', 11, 11, 19),
(10, '11 Pro', 12, 11, 19),
(11, '11 Pro Max', 13, 11, 19),
(12, 'SE (22)', 11, 11, 22),
(13, 'SE (20)', 20, 11, 20),
(14, 'XS', 11, 11, 18),
(15, 'XS Max', 12, 11, 18),
(16, 'XR', 13, 11, 18),
(17, 'X', 10, 11, 17),
(18, '8', 11, 11, 17),
(19, '8 Plus', 12, 11, 17),
(20, '7', 17, 11, 16),
(21, '7 Plus', 18, 11, 16),
(22, '6', 26, 11, 16),
(23, '6S', 27, 11, 16),
(24, '6 Plus', 28, 11, 16),
(25, '6S Plus', 29, 11, 16),
(26, 'SE (16)', 16, 11, 16),
(27, '5S', 15, 11, 16),
(28, 'Galaxy A03S', 43, 12, 22),
(29, 'Galaxy A13', 13, 12, 22),
(30, 'Galaxy A13 5G', 14, 12, 22),
(31, 'Galaxy A33 5G', 33, 12, 22),
(32, 'Galaxy A53 5G', 53, 12, 22),
(33, 'Galaxy A73', 73, 12, 22),
(34, 'Galaxy S22Fe', 23, 12, 22),
(35, 'Galaxy S22', 22, 12, 22),
(36, 'Galaxy S22 Plus', 24, 12, 22),
(37, 'Galaxy S22 Ultra', 25, 12, 22),
(38, 'Galaxy A02/M02', 82, 12, 21),
(39, 'Galaxy A02S', 14, 12, 21),
(40, 'Galaxy A12', 12, 12, 21),
(41, 'Galaxy A22 4G', 22, 12, 21),
(42, 'Galaxy A22 5G', 23, 12, 21),
(43, 'Galaxy A32 4G', 32, 12, 21),
(44, 'Galaxy A32 5G', 33, 12, 21),
(45, 'Galaxy A42 4G/5G', 42, 12, 21),
(46, 'Galaxy A52 4G/5G/A52S', 52, 12, 21),
(47, 'Galaxy A72 4G/5G', 72, 12, 21),
(48, 'Galaxy S21', 91, 12, 21),
(49, 'Galaxy S21 FE', 92, 12, 21),
(50, 'Galaxy S21 Plus', 93, 12, 21),
(51, 'Galaxy S21 Ultra', 94, 12, 21),
(52, 'Galaxy Note 21', 95, 12, 21),
(53, 'Galaxy Note 21 Ultra', 96, 12, 21),
(54, 'Galaxy A11', 11, 12, 20),
(55, 'Galaxy A21', 21, 12, 20),
(56, 'Galaxy A21S', 22, 12, 20),
(57, 'Galaxy A31', 31, 12, 20),
(58, 'Galaxy A41', 41, 12, 20),
(59, 'Galaxy A51', 51, 12, 20),
(60, 'Galaxy A71', 71, 12, 20),
(61, 'Galaxy S20FE', 19, 12, 20),
(62, 'Galaxy S20', 90, 12, 20),
(63, 'Galaxy S20 Plus', 91, 12, 20),
(64, 'Galaxy S20 Ultra', 92, 12, 20),
(65, 'Galaxy Note 20', 94, 12, 20),
(66, 'Galaxy Note 20 Ultra', 95, 12, 20),
(67, 'Galaxy A01', 41, 12, 19),
(68, 'Galaxy A10', 10, 12, 19),
(69, 'Galaxy A20E /A10E', 19, 12, 19),
(70, 'Galaxy A20S', 21, 12, 19),
(71, 'Galaxy A40', 40, 12, 19),
(72, 'Galaxy A50', 50, 12, 19),
(73, 'Galaxy A70', 70, 12, 19),
(74, 'Galaxy S10', 20, 12, 19),
(75, 'Galaxy S10 Lite', 49, 12, 19),
(76, 'Galaxy S10 Plus', 11, 12, 19),
(77, 'Galaxy S10E', 12, 12, 19),
(78, 'Galaxy Note 10', 13, 12, 19),
(79, 'Galaxy Note 10 Lite', 14, 12, 19),
(80, 'Galaxy Note 10 Plus', 15, 12, 19),
(81, '12', 12, 13, 22),
(82, '12X', 13, 13, 22),
(83, '12 Pro', 15, 13, 22),
(84, 'Mi 11', 11, 13, 21),
(85, 'Mi 11 Lite', 12, 13, 21),
(86, 'Mi 11 Lite 5G', 13, 13, 21),
(87, '11 Lite 5G NE', 14, 13, 21),
(88, '11T 5G', 15, 13, 21),
(89, '11T Pro 5G', 16, 13, 21),
(90, 'Mi 11i 5G', 17, 13, 21),
(91, 'Mi 11 Ultra', 18, 13, 21),
(92, 'MI 10', 10, 13, 20),
(93, 'MI 10 LITE', 11, 13, 20),
(94, 'MI 10 LITE 5G', 12, 13, 20),
(95, 'MI 10 PRO', 13, 13, 20),
(96, 'MI 10T 5G', 14, 13, 20),
(97, 'MI 10T LITE 5G', 15, 13, 20),
(98, 'MI 10T PRO 5G', 16, 13, 20),
(100, 'REDMI NOTE 11', 21, 13, 22),
(101, 'REDMI NOTE 11S', 22, 13, 22),
(102, 'REDMI NOTE 11 PRO', 23, 13, 22),
(103, 'REDMI NOTE 11 PRO 5G', 24, 13, 22),
(104, 'REDMI NOTE 11 PRO+ 5G', 25, 13, 22),
(105, 'REDMI 10', 10, 13, 21),
(106, 'REDMI 10C', 10, 13, 22),
(107, 'REDMI NOTE 10', 22, 13, 21),
(108, 'REDMI NOTE 10 PRO', 23, 13, 21),
(109, 'REDMI NOTE 10 5G', 24, 13, 21),
(110, 'REDMI 9', 19, 13, 20),
(111, 'REDMI 9A', 20, 13, 20),
(112, 'REDMI 9C', 22, 13, 20),
(113, 'REDMI 9AT', 21, 13, 20),
(114, 'REDMI NOTE 9', 29, 13, 20),
(115, 'REDMI NOTE 9S', 30, 13, 20),
(116, 'REDMI NOTE 9 PRO', 31, 13, 20),
(117, 'Galaxy M53 5G', 54, 12, 22),
(119, 'Galaxy A71 5G', 72, 12, 20),
(120, 'Galaxy S22 Pro', 63, 12, 22),
(121, 'Redmi 8', 18, 13, 19),
(122, 'Redmi 8A', 19, 13, 19),
(123, 'Redmi Note 8 Pro', 20, 13, 19),
(124, 'MI 8', 28, 13, 18),
(125, 'MI A2 Lite / Redmi 6 Pro', 32, 13, 18),
(126, 'MI A2 / MI 6X', 33, 13, 18),
(127, 'REDMI 9T', 19, 13, 21),
(128, 'MI 9', 39, 13, 19),
(129, 'MI 9 LITE', 40, 13, 19),
(130, 'MI 9 PRO', 41, 13, 19),
(131, 'Poco M3 Pro 5G', 63, 13, 21),
(132, 'POCO X4 PRO 5G', 44, 13, 22),
(133, 'X8', 18, 24, 22),
(134, 'X30i', 31, 24, 21),
(135, 'Velvet 5G', 10, 18, 20),
(136, 'A15', 15, 15, 20),
(137, 'A16', 16, 15, 21),
(138, 'A52', 52, 15, 20),
(139, 'A72', 72, 15, 20),
(140, 'A92', 92, 15, 20),
(141, 'A53', 53, 15, 20),
(142, 'A32', 32, 15, 20),
(143, 'A33', 33, 15, 20),
(144, 'F17', 17, 15, 20),
(145, 'A73', 73, 15, 20),
(146, 'A74 4G', 74, 15, 21),
(147, 'A74 5G', 75, 15, 21),
(148, 'A93 4G', 93, 15, 20),
(149, 'A93 5G', 93, 15, 21),
(150, 'A94 5G', 94, 15, 21),
(151, 'REDMI NOTE 10S', 32, 13, 21),
(152, 'MI 8 Lite', 68, 13, 18),
(153, 'MI 7', 67, 13, 17),
(154, 'Blade V20 smart', 20, 17, 20),
(155, 'Blade V30 Vita', 30, 17, 21),
(156, 'Blade A31', 31, 17, 21),
(157, 'Blade A51', 51, 17, 21),
(158, 'Blade A71', 71, 17, 21),
(159, 'Y21', 21, 16, 21),
(160, 'Y21s', 22, 16, 21),
(161, 'Y33S', 33, 16, 21),
(162, 'Y11S', 11, 16, 20),
(163, 'Y20i', 21, 16, 20),
(164, 'Y20s', 20, 16, 20),
(165, 'C3', 13, 14, 20),
(166, '5', 15, 14, 19),
(167, '9i', 19, 14, 22),
(168, 'A36', 36, 15, 22),
(169, '9 Pro Plus', 99, 14, 22),
(170, 'Moto E20', 20, 25, 21),
(171, 'Moto E40', 40, 25, 21),
(172, '20R 5G', 20, 21, 21),
(173, '1B (2020)', 11, 20, 20),
(174, '1SE (2020)', 12, 20, 20),
(175, '1SE (2021)', 12, 20, 21),
(176, '3L (2021)', 31, 20, 21),
(177, 'G 5G PLUS', 55, 25, 21),
(178, '20i', 20, 24, 20),
(179, '20 lite', 21, 24, 20),
(180, '14', 14, 11, 22),
(181, '14 Pro', 15, 11, 22),
(182, '14 Plus', 16, 11, 22),
(183, '14 Pro Max', 17, 11, 22),
(184, 'Redmi Note 8', 28, 13, 19),
(185, 'Galaxy A03 Core', 44, 12, 22),
(186, 'Redmi Note 8T', 29, 13, 19),
(190, 'Poco X3 PRO 5G', 64, 13, 21),
(191, 'Poco X3', 65, 13, 21),
(192, 'REDMI 10A', 11, 13, 22),
(193, 'REDMI NOTE 9C', 33, 13, 22),
(194, 'Poco C3', 60, 13, 22),
(195, 'P SMART 19', 19, 23, 19),
(196, 'C31', 31, 14, 21),
(198, 'Galaxy A04s', 46, 12, 22),
(199, 'Galaxy A04', 13, 12, 23),
(200, '12T', 16, 13, 22),
(201, '12 Lite', 14, 13, 22),
(202, 'Galaxy A14', 14, 12, 23),
(203, 'C33', 33, 14, 22),
(204, 'Galaxy A54', 54, 12, 23),
(205, 'Redmi 12C', 92, 13, 23),
(206, 'Redmi 11A', 91, 13, 23),
(208, 'Galaxy A34 5G', 34, 12, 23),
(209, 'Galaxy S23', 93, 12, 23),
(210, 'Galaxy S23 Plus', 92, 12, 23),
(211, 'Galaxy S23 Ultra', 94, 12, 23),
(212, 'Galaxy A51 5G', 52, 12, 20),
(213, 'Galaxy A23 4G', 93, 12, 22),
(214, 'Galaxy M23 4G', 94, 12, 22),
(215, 'Galaxy M13 4G', 95, 12, 22),
(216, '13 Lite', 14, 13, 23),
(217, '13', 13, 13, 23),
(218, '13 Pro', 15, 13, 23),
(219, 'C30', 30, 14, 22),
(220, 'C30S', 31, 14, 22),
(221, 'Narzo 50i Prime', 51, 14, 22),
(222, 'C21Y', 22, 14, 21),
(223, 'C25Y', 26, 14, 21),
(224, 'C11', 11, 14, 20),
(225, 'C35', 35, 14, 22),
(226, 'X7', 17, 24, 22),
(227, 'REDMI NOTE 12', 32, 13, 23),
(228, 'REDMI NOTE 12 5G', 36, 13, 23),
(229, 'Reno 7 5G', 17, 15, 22),
(230, 'Find X5 Lite', 15, 15, 22),
(231, 'FUNDA', 11, 99, 23),
(232, 'Colgante', 11, 98, 23),
(233, 'Correas', 12, 98, 23),
(234, 'Poco C55', 55, 13, 23),
(235, 'P 30 Lite', 31, 23, 19),
(236, 'Galaxy A24', 24, 12, 23),
(237, 'REDMI NOTE 12 Pro 5G', 33, 13, 23),
(238, 'REDMI NOTE 12 Pro', 34, 13, 23),
(239, '15', 15, 11, 23),
(240, '15 Plus', 16, 11, 23),
(241, '15 Pro', 17, 11, 23),
(242, '15 Pro Max', 18, 11, 23),
(243, 'Galaxy A23 5G', 96, 12, 22),
(244, 'Galaxy A05', 11, 12, 24),
(245, 'Galaxy A05S', 12, 12, 24),
(246, 'Galaxy A15', 15, 12, 24),
(247, 'Galaxy S23 FE 5G', 23, 12, 24),
(248, 'Galaxy S24', 94, 12, 24),
(249, 'Galaxy S24 Plus', 95, 12, 24),
(250, 'Galaxy S24 Ultra', 96, 12, 24),
(251, 'A96 4G', 96, 15, 22),
(252, 'A76 4G', 76, 15, 22),
(253, 'A98 5G', 98, 15, 23),
(254, 'A57S', 57, 15, 22),
(255, 'A77 4G', 77, 15, 22),
(256, 'A58 4G', 58, 15, 23),
(257, 'A58 5G', 58, 15, 22),
(258, 'A78 5G', 78, 15, 23),
(259, 'A78 4G', 77, 15, 23),
(260, 'Reno 10', 10, 15, 23),
(261, 'C53', 53, 14, 23),
(262, 'Narzo N53', 54, 14, 23),
(263, 'C55', 55, 14, 23),
(264, 'Redmi 13C', 12, 13, 24),
(265, 'Blade V40 Vita', 40, 17, 22),
(266, 'G22', 22, 25, 22),
(267, 'Blade A72S', 73, 17, 23),
(268, 'Blade A54', 54, 17, 23),
(269, 'Redmi Note 13 4G', 23, 13, 24),
(270, '90 Lite', 89, 24, 23),
(271, 'Redmi note 13 Pro', 33, 13, 24),
(272, 'Redmi Note 13 5G', 25, 13, 24),
(273, 'Redmi Note 10 Pro 5G', 25, 13, 21),
(274, 'Poco C65', 65, 13, 24),
(275, 'Galaxy A25', 25, 12, 24),
(276, 'A60', 60, 15, 24),
(277, 'G04', 14, 25, 24),
(278, 'V50 Design 4G', 50, 17, 24),
(279, 'G24', 24, 25, 24),
(280, 'G14', 16, 25, 24),
(281, '12T PRO', 17, 13, 22),
(289, 'Galaxy J7 2015', 11, 12, 11),
(290, 'Galaxy J4 2018', 12, 12, 11),
(291, 'Galaxy J3 2017', 13, 12, 11),
(293, 'Galaxy J6 2019', 14, 12, 11),
(294, 'Galaxy J6 2018', 15, 12, 11),
(295, 'Galaxy A20/A30', 16, 12, 11),
(296, 'Galaxy A5', 17, 12, 11),
(297, 'Galaxy A8', 18, 12, 11),
(298, 'Galaxy S5 mini', 19, 12, 11),
(299, 'Galaxy A3', 20, 12, 11),
(300, 'Galaxy A8 2018', 21, 12, 11),
(301, 'Galaxy A60', 22, 12, 11),
(302, 'Galaxy S6 Edge', 23, 12, 11),
(303, 'Galaxy S7', 25, 12, 11),
(304, 'Galaxy S7 Plus', 26, 12, 11),
(305, 'Galaxy NOTE 9', 27, 12, 11),
(306, 'Redmi 13', 1, 13, 24),
(307, 'Redmi A3', 2, 13, 24),
(308, 'Blade A34', 1, 17, 23),
(310, 'GALAXY A36', 36, 12, 25),
(311, 'GALAXY A56', 56, 12, 25),
(312, 'Galaxy S25 ULTRA', 27, 12, 25),
(313, 'Galaxy S24 FE', 24, 12, 24),
(314, 'Galaxy A26', 26, 12, 25),
(315, 'Galaxy A16', 16, 12, 25),
(316, 'GALAXY A06', 6, 12, 25),
(317, 'GALAXY A35', 35, 12, 24),
(318, 'REDMI NOTE 14 5G', 1, 13, 25),
(319, 'REDMI 14 PRO 5G', 2, 13, 25),
(320, 'G84 5G', 84, 25, 24),
(321, '14C 4G', 15, 13, 25),
(322, '13 PRO 4G', 11, 13, 23),
(323, '14T PRO', 20, 13, 25),
(324, 'MI 15', 25, 13, 25),
(325, 'MI 15 PRO', 26, 13, 25),
(326, 'MI 14', 26, 13, 23);

-- --------------------------------------------------------

--
-- Estructura de tabla para la tabla `relacionados`
--

CREATE TABLE `relacionados` (
  `idRel` int(11) NOT NULL,
  `referencias` mediumtext NOT NULL
) ENGINE=InnoDB DEFAULT CHARSET=utf8mb4 COLLATE=utf8mb4_general_ci;

--
-- Volcado de datos para la tabla `relacionados`
--

INSERT INTO `relacionados` (`idRel`, `referencias`) VALUES
(2, 'a:2:{i:0;s:6:\"112012\";i:1;s:6:\"112013\";}'),
(3, 'a:4:{i:0;s:6:\"112211\";i:1;s:6:\"112020\";i:2;s:6:\"111711\";i:3;s:6:\"111617\";}'),
(4, 'a:2:{i:0;s:6:\"111811\";i:1;s:6:\"111710\";}'),
(5, 'a:2:{i:0;s:6:\"111626\";i:1;s:6:\"111627\";}'),
(6, 'a:2:{i:0;s:6:\"111628\";i:1;s:6:\"111629\";}'),
(7, 'a:2:{i:0;s:6:\"122243\";i:1;s:6:\"122114\";}'),
(8, 'a:2:{i:0;s:6:\"111616\";i:1;s:6:\"111615\";}'),
(9, 'a:2:{i:0;s:6:\"122224\";i:1;s:6:\"122263\";}'),
(11, 'a:2:{i:0;s:6:\"242218\";i:1;s:6:\"242131\";}'),
(12, 'a:3:{i:0;s:6:\"152053\";i:1;s:6:\"152032\";i:2;s:6:\"152033\";}'),
(13, 'a:3:{i:0;s:6:\"152052\";i:1;s:6:\"152072\";i:2;s:6:\"152092\";}'),
(14, 'a:2:{i:0;s:6:\"131939\";i:1;s:6:\"131941\";}'),
(15, 'a:2:{i:0;s:6:\"132014\";i:1;s:6:\"132016\";}'),
(16, 'a:2:{i:0;s:6:\"132111\";i:1;s:6:\"132116\";}'),
(17, 'a:2:{i:0;s:6:\"132122\";i:1;s:6:\"132132\";}'),
(18, 'a:2:{i:0;s:6:\"132221\";i:1;s:6:\"132222\";}'),
(19, 'a:2:{i:0;s:6:\"142013\";i:1;s:6:\"141915\";}'),
(20, 'a:3:{i:0;s:6:\"162121\";i:1;s:6:\"162122\";i:2;s:6:\"162133\";}'),
(21, 'a:3:{i:0;s:6:\"162011\";i:1;s:6:\"162021\";i:2;s:6:\"162020\";}'),
(22, 'a:2:{i:0;s:6:\"142219\";i:1;s:6:\"152236\";}'),
(23, 'a:2:{i:0;s:6:\"202112\";i:1;s:6:\"202131\";}'),
(24, 'a:2:{i:0;s:6:\"252120\";i:1;s:6:\"252140\";}'),
(25, 'a:2:{i:0;s:6:\"242020\";i:1;s:6:\"242021\";}'),
(26, 'a:2:{i:0;s:6:\"152017\";i:1;s:6:\"152073\";}'),
(27, 'a:2:{i:0;s:6:\"152175\";i:1;s:6:\"152193\";}'),
(28, 'a:2:{i:0;s:6:\"111712\";i:1;s:6:\"111618\";}'),
(29, 'a:2:{i:0;s:6:\"132164\";i:1;s:6:\"132165\";}'),
(30, 'a:2:{i:0;s:6:\"132022\";i:1;s:6:\"132211\";}'),
(31, 'a:2:{i:0;s:6:\"132233\";i:1;s:6:\"132260\";}'),
(34, 'a:2:{i:0;s:6:\"122214\";i:1;s:6:\"122246\";}'),
(39, 'a:2:{i:0;s:6:\"142122\";i:1;s:6:\"142126\";}'),
(40, 'a:2:{i:0;s:6:\"152217\";i:1;s:6:\"152215\";}'),
(41, 'a:3:{i:0;s:6:\"132392\";i:1;s:6:\"132391\";i:2;s:6:\"132355\";}'),
(43, 'a:3:{i:0;s:6:\"132223\";i:1;s:6:\"132224\";i:2;s:6:\"132334\";}'),
(44, 'a:4:{i:0;s:6:\"122293\";i:1;s:6:\"122296\";i:2;s:6:\"122295\";i:3;s:6:\"122294\";}'),
(45, 'a:3:{i:0;s:6:\"152236\";i:1;s:6:\"152276\";i:2;s:6:\"152296\";}'),
(46, 'a:2:{i:0;s:6:\"152258\";i:1;s:6:\"152378\";}'),
(47, 'a:2:{i:0;s:6:\"142353\";i:1;s:6:\"142354\";}'),
(49, 'a:2:{i:0;s:6:\"132465\";i:1;s:6:\"132412\";}'),
(50, 'a:2:{i:0;s:6:\"122324\";i:1;s:6:\"122425\";}'),
(51, 'a:2:{i:0;s:6:\"132216\";i:1;s:6:\"132217\";}'),
(53, 'a:3:{i:0;s:6:\"142230\";i:1;s:6:\"142231\";i:2;s:6:\"142251\";}');

-- --------------------------------------------------------

--
-- Estructura de tabla para la tabla `stock`
--

CREATE TABLE `stock` (
  `idStock` int(11) NOT NULL,
  `idModelo` int(11) NOT NULL,
  `refModel` int(6) NOT NULL,
  `refTipo` int(2) NOT NULL,
  `refColor` int(2) NOT NULL,
  `stock` int(2) NOT NULL,
  `usarRel` tinyint(1) NOT NULL DEFAULT 0,
  `idMarca` int(11) NOT NULL,
  `idRel` int(11) NOT NULL,
  `modificado` date DEFAULT NULL
) ENGINE=InnoDB DEFAULT CHARSET=utf8mb4 COLLATE=utf8mb4_general_ci;

--
-- Volcado de datos para la tabla `stock`
--

INSERT INTO `stock` (`idStock`, `idModelo`, `refModel`, `refTipo`, `refColor`, `stock`, `usarRel`, `idMarca`, `idRel`, `modificado`) VALUES
(2, 1, 112113, 2, 99, 0, 0, 1, 0, '2024-08-13'),
(3, 1, 112113, 14, 9, 1, 0, 1, 0, '2024-08-13'),
(4, 1, 112113, 5, 7, 0, 0, 1, 0, '2024-08-13'),
(5, 1, 112113, 5, 16, 0, 0, 1, 0, '2024-08-13'),
(6, 1, 112113, 5, 8, 0, 0, 1, 0, '2024-08-13'),
(7, 1, 112113, 7, 99, 0, 0, 1, 0, '2024-08-13'),
(8, 1, 112113, 13, 1, 0, 0, 1, 0, '2024-08-13'),
(9, 1, 112113, 5, 1, 1, 0, 1, 0, '2024-08-13'),
(10, 1, 112113, 5, 4, 0, 0, 1, 0, '2024-08-13'),
(11, 1, 112113, 15, 99, 0, 0, 1, 0, '2024-08-13'),
(12, 1, 112113, 14, 20, 0, 0, 1, 0, '2024-08-13'),
(13, 1, 112113, 14, 21, 1, 0, 1, 0, '2024-08-13'),
(15, 1, 112113, 14, 3, 1, 0, 1, 0, '2025-03-11'),
(17, 4, 112116, 5, 1, 0, 0, 1, 0, '2024-08-13'),
(18, 4, 112116, 5, 3, 1, 1, 1, 0, '2024-08-13'),
(19, 4, 112116, 5, 4, 1, 0, 1, 0, '2024-08-13'),
(20, 4, 112116, 5, 8, 1, 0, 1, 0, '2024-08-13'),
(21, 4, 112116, 5, 9, 1, 0, 1, 0, '2024-08-13'),
(22, 4, 112116, 5, 99, 1, 0, 1, 0, '2024-08-13'),
(24, 2, 112114, 15, 1, 0, 0, 1, 0, '2024-08-13'),
(25, 2, 112114, 5, 8, 0, 0, 1, 0, '2024-08-13'),
(26, 2, 112114, 5, 4, 1, 0, 1, 0, '2024-08-13'),
(27, 2, 112114, 2, 99, 1, 0, 1, 0, '2024-08-13'),
(29, 2, 112114, 5, 1, 4, 0, 1, 0, '2024-08-13'),
(30, 2, 112114, 14, 20, 0, 0, 1, 0, '2024-08-13'),
(31, 2, 112114, 5, 3, 0, 0, 1, 0, '2024-08-13'),
(32, 3, 112115, 20, 31, 1, 0, 1, 0, '2024-08-13'),
(33, 3, 112115, 15, 99, 0, 0, 1, 0, '2024-08-13'),
(34, 3, 112115, 2, 99, 1, 0, 1, 0, '2024-08-30'),
(35, 3, 112115, 5, 3, 1, 0, 1, 0, '2024-08-13'),
(36, 3, 112115, 5, 1, 1, 0, 1, 0, '2024-08-13'),
(37, 3, 112115, 14, 20, 2, 0, 1, 0, '2024-08-13'),
(38, 3, 112115, 14, 21, 1, 0, 1, 0, '2024-08-13'),
(39, 3, 112115, 5, 4, 1, 0, 1, 0, '2024-08-13'),
(40, 3, 112115, 5, 9, 1, 0, 1, 0, '2024-08-13'),
(41, 3, 112115, 7, 33, 1, 0, 1, 0, '2024-08-13'),
(42, 3, 112115, 13, 1, 0, 0, 1, 0, '2024-08-13'),
(44, 2, 112114, 7, 99, 0, 0, 1, 0, '2024-08-13'),
(45, 2, 112114, 5, 21, 0, 0, 1, 0, '2024-08-13'),
(47, 1, 112113, 20, 31, 0, 0, 1, 0, '2024-08-13'),
(48, 5, 112012, 14, 21, 3, 0, 1, 0, '2024-08-13'),
(49, 5, 112012, 16, 99, 1, 1, 1, 2, '2024-08-13'),
(50, 5, 112012, 14, 16, 2, 0, 1, 0, '2024-08-13'),
(51, 5, 112012, 14, 1, 2, 0, 1, 0, '2024-08-13'),
(52, 5, 112012, 14, 17, 0, 0, 1, 0, '2024-08-13'),
(53, 5, 112012, 14, 11, 0, 0, 1, 0, '2024-08-13'),
(54, 5, 112012, 14, 3, 2, 0, 1, 0, '2024-08-13'),
(55, 5, 112012, 14, 4, 1, 0, 1, 0, '2024-08-13'),
(56, 5, 112012, 14, 8, 0, 0, 1, 0, '2024-08-13'),
(57, 5, 112012, 21, 30, 1, 0, 1, 0, '2024-08-13'),
(58, 5, 112012, 26, 5, 1, 0, 1, 0, '2024-08-13'),
(59, 5, 112012, 5, 4, 1, 1, 1, 2, '2024-08-13'),
(60, 5, 112012, 5, 8, 0, 1, 1, 2, '2024-08-13'),
(61, 5, 112012, 5, 1, 0, 1, 1, 2, '2024-08-13'),
(62, 5, 112012, 2, 99, 1, 1, 1, 2, '2024-08-13'),
(63, 5, 112012, 7, 99, 1, 1, 1, 2, '2024-08-13'),
(64, 8, 112015, 5, 8, 1, 0, 1, 0, '2024-09-04'),
(65, 8, 112015, 9, 99, 2, 0, 1, 0, '2024-08-13'),
(66, 8, 112015, 2, 99, 0, 0, 1, 0, '2024-08-13'),
(67, 8, 112015, 5, 18, 1, 0, 1, 0, '2024-08-13'),
(68, 8, 112015, 5, 3, 2, 0, 1, 0, '2024-08-13'),
(69, 8, 112015, 5, 6, 0, 0, 1, 0, '2024-08-13'),
(70, 8, 112015, 5, 1, 0, 0, 1, 0, '2024-08-13'),
(71, 8, 112015, 5, 4, 2, 0, 1, 0, '2024-08-13'),
(75, 7, 112014, 13, 4, 1, 0, 1, 0, '2024-08-13'),
(76, 7, 112014, 14, 20, 1, 0, 1, 0, '2024-08-13'),
(77, 7, 112014, 17, 99, 1, 0, 1, 0, '2024-08-13'),
(78, 7, 112014, 17, 4, 0, 0, 1, 0, '2024-08-13'),
(79, 7, 112014, 5, 4, 1, 0, 1, 0, '2024-08-13'),
(80, 7, 112014, 5, 3, 1, 0, 1, 0, '2024-08-13'),
(81, 7, 112014, 5, 6, 1, 0, 1, 0, '2024-08-13'),
(82, 7, 112014, 5, 1, 1, 0, 1, 0, '2024-08-13'),
(83, 7, 112014, 16, 99, 0, 0, 1, 0, '2024-08-13'),
(84, 7, 112014, 2, 99, 1, 0, 1, 0, '2024-08-13'),
(85, 7, 112014, 9, 99, 1, 0, 1, 0, '2024-08-13'),
(86, 11, 111913, 25, 4, 1, 0, 1, 0, '2024-08-13'),
(87, 11, 111913, 13, 1, 1, 0, 1, 0, '2024-08-13'),
(88, 11, 111913, 25, 1, 1, 0, 1, 0, '2024-08-13'),
(89, 11, 111913, 7, 5, 0, 0, 1, 0, '2024-08-13'),
(90, 11, 111913, 7, 41, 1, 0, 1, 0, '2024-09-23'),
(91, 11, 111913, 10, 19, 1, 0, 1, 0, '2024-08-13'),
(92, 11, 111913, 5, 1, 0, 0, 1, 0, '2024-08-13'),
(93, 11, 111913, 5, 16, 1, 0, 1, 0, '2024-08-13'),
(94, 11, 111913, 5, 4, 2, 0, 1, 0, '2024-08-13'),
(95, 11, 111913, 7, 10, 1, 0, 1, 0, '2024-08-13'),
(96, 10, 111912, 5, 4, 1, 0, 1, 0, '2024-08-13'),
(97, 10, 111912, 5, 1, 1, 0, 1, 0, '2024-08-13'),
(98, 10, 111912, 5, 16, 0, 0, 1, 0, '2024-08-13'),
(99, 10, 111912, 5, 3, 0, 0, 1, 0, '2024-08-13'),
(100, 10, 111912, 2, 99, 1, 0, 1, 0, '2024-08-13'),
(101, 10, 111912, 4, 99, 1, 0, 1, 0, '2024-08-13'),
(102, 10, 111912, 14, 33, 1, 0, 1, 0, '2024-10-14'),
(103, 10, 111912, 14, 40, 2, 0, 1, 0, '2024-08-13'),
(104, 9, 111911, 14, 3, 1, 0, 1, 0, '2025-03-11'),
(105, 9, 111911, 14, 14, 0, 0, 1, 0, '2024-08-13'),
(108, 9, 111911, 5, 4, 0, 0, 1, 0, '2024-08-13'),
(109, 9, 111911, 14, 6, 0, 0, 1, 0, '2024-08-13'),
(110, 9, 111911, 14, 19, 4, 0, 1, 0, '2025-03-11'),
(111, 9, 111911, 14, 1, 2, 0, 1, 0, '2025-03-11'),
(112, 14, 111811, 8, 7, 0, 1, 1, 4, '2024-08-13'),
(113, 14, 111811, 14, 19, 0, 1, 1, 4, '2024-08-13'),
(114, 14, 111811, 8, 1, 0, 1, 1, 4, '2024-08-13'),
(115, 14, 111811, 8, 3, 0, 1, 1, 4, '2024-08-13'),
(116, 14, 111811, 14, 4, 0, 1, 1, 4, '2024-08-13'),
(117, 14, 111811, 14, 1, 0, 1, 1, 4, '2024-08-13'),
(118, 14, 111811, 14, 3, 1, 1, 1, 4, '2024-08-13'),
(119, 14, 111811, 14, 7, 1, 0, 1, 0, '2024-08-13'),
(120, 14, 111811, 14, 17, 0, 1, 1, 4, '2024-08-13'),
(121, 14, 111811, 2, 99, 0, 0, 1, 0, '2024-08-13'),
(123, 15, 111812, 8, 17, 1, 0, 1, 0, '2024-08-13'),
(124, 15, 111812, 8, 3, 1, 0, 1, 0, '2024-08-13'),
(125, 15, 111812, 8, 7, 1, 0, 1, 0, '2024-08-13'),
(126, 15, 111812, 2, 7, 1, 0, 1, 0, '2024-08-13'),
(127, 15, 111812, 2, 99, 1, 0, 1, 0, '2024-08-13'),
(128, 16, 111813, 14, 33, 0, 0, 1, 0, '2024-08-13'),
(129, 16, 111813, 9, 99, 0, 0, 1, 0, '2024-08-13'),
(131, 16, 111813, 2, 7, 0, 0, 1, 0, '2024-08-13'),
(132, 16, 111813, 5, 3, 0, 0, 1, 0, '2024-08-13'),
(133, 16, 111813, 5, 1, 0, 0, 1, 0, '2024-08-13'),
(134, 16, 111813, 5, 4, 0, 0, 1, 0, '2024-08-13'),
(135, 20, 111617, 13, 7, 0, 1, 1, 3, '2024-08-13'),
(136, 20, 111617, 13, 1, 0, 1, 1, 3, '2024-08-13'),
(137, 20, 111617, 14, 4, 1, 1, 1, 3, '2024-08-13'),
(139, 20, 111617, 5, 1, 2, 1, 1, 3, '2025-03-11'),
(140, 20, 111617, 7, 33, 0, 1, 1, 3, '2024-08-13'),
(142, 20, 111617, 4, 99, 0, 1, 1, 3, '2024-08-13'),
(143, 20, 111617, 13, 3, 0, 1, 1, 3, '2024-08-13'),
(144, 20, 111617, 5, 7, 0, 1, 1, 3, '2024-08-13'),
(148, 24, 111628, 7, 1, 1, 1, 1, 6, '2024-08-13'),
(149, 24, 111628, 18, 4, 1, 1, 1, 6, '2024-08-13'),
(150, 24, 111628, 2, 7, 1, 1, 1, 6, '2024-08-13'),
(151, 24, 111628, 2, 99, 1, 1, 1, 6, '2024-08-13'),
(152, 24, 111628, 10, 1, 1, 1, 1, 6, '2024-08-13'),
(153, 24, 111628, 7, 99, 1, 1, 1, 6, '2024-08-13'),
(154, 23, 111627, 4, 1, 0, 1, 1, 5, '2024-08-13'),
(155, 21, 111618, 14, 4, 0, 1, 1, 0, '2024-08-26'),
(156, 21, 111618, 14, 33, 0, 1, 1, 0, '2024-08-13'),
(157, 12, 112211, 2, 99, 2, 1, 1, 3, '2024-08-13'),
(158, 20, 111617, 6, 40, 0, 1, 1, 3, '2024-08-13'),
(159, 20, 111617, 14, 4, 0, 1, 1, 3, '2024-08-13'),
(160, 4, 112116, 20, 31, 0, 0, 1, 0, '2024-08-13'),
(162, 8, 112015, 4, 99, 0, 0, 1, 0, '2024-08-13'),
(163, 5, 112012, 14, 34, 1, 0, 1, 0, '2024-08-16'),
(164, 11, 111913, 19, 6, 0, 0, 1, 0, '2024-08-13'),
(165, 11, 111913, 22, 15, 2, 0, 1, 0, '2024-08-13'),
(166, 11, 111913, 2, 99, 0, 0, 1, 0, '2024-08-13'),
(167, 20, 111617, 23, 40, 1, 1, 1, 3, '2024-08-13'),
(168, 28, 122243, 14, 4, 2, 1, 2, 7, '2024-08-13'),
(169, 28, 122243, 14, 1, 1, 1, 2, 7, '2024-08-13'),
(170, 28, 122243, 14, 16, 0, 1, 2, 7, '2024-08-13'),
(171, 28, 122243, 20, 31, 0, 1, 2, 7, '2024-08-13'),
(172, 28, 122243, 2, 99, 0, 1, 2, 7, '2024-08-13'),
(173, 29, 122213, 13, 1, 1, 0, 2, 0, '2024-08-13'),
(174, 29, 122213, 13, 7, 0, 0, 2, 0, '2024-08-13'),
(175, 29, 122213, 14, 4, 1, 0, 2, 0, '2024-08-13'),
(176, 29, 122213, 22, 4, 2, 0, 2, 0, '2024-08-13'),
(177, 30, 122214, 13, 3, 0, 1, 2, 34, '2024-08-13'),
(178, 30, 122214, 14, 1, 2, 1, 2, 34, '2024-08-13'),
(179, 30, 122214, 14, 7, 0, 1, 2, 34, '2024-08-13'),
(180, 30, 122214, 14, 3, 1, 1, 2, 34, '2024-08-13'),
(181, 30, 122214, 13, 7, 0, 1, 2, 34, '2024-08-13'),
(182, 31, 122233, 14, 4, 1, 0, 2, 0, '2024-08-13'),
(183, 31, 122233, 2, 99, 1, 0, 2, 0, '2024-08-13'),
(184, 31, 122233, 14, 7, 0, 0, 2, 0, '2024-08-13'),
(185, 31, 122233, 14, 3, 0, 0, 2, 0, '2024-08-13'),
(186, 31, 122233, 14, 1, 0, 0, 2, 0, '2024-08-13'),
(187, 32, 122253, 14, 1, 1, 0, 2, 0, '2024-08-13'),
(188, 32, 122253, 14, 4, 1, 0, 2, 0, '2024-08-13'),
(189, 32, 122253, 14, 3, 1, 0, 2, 0, '2024-08-13'),
(190, 32, 122253, 14, 16, 0, 0, 2, 0, '2024-08-13'),
(191, 32, 122253, 11, 7, 0, 0, 2, 0, '2024-08-13'),
(192, 32, 122253, 11, 1, 0, 0, 2, 0, '2024-08-13'),
(193, 42, 122123, 14, 4, 1, 0, 2, 0, '2024-08-13'),
(194, 42, 122123, 2, 99, 1, 0, 2, 0, '2024-08-13'),
(195, 42, 122123, 14, 1, 3, 0, 2, 0, '2024-08-13'),
(196, 42, 122123, 20, 31, 0, 0, 2, 0, '2024-08-13'),
(197, 42, 122123, 10, 1, 1, 0, 2, 0, '2024-08-13'),
(198, 42, 122123, 4, 99, 3, 0, 2, 0, '2024-08-13'),
(199, 43, 122132, 14, 4, 0, 0, 2, 0, '2024-08-13'),
(200, 43, 122132, 14, 3, 0, 0, 2, 0, '2024-08-13'),
(201, 43, 122132, 2, 99, 2, 0, 2, 0, '2024-12-18'),
(202, 43, 122132, 14, 8, 0, 0, 2, 0, '2024-08-13'),
(203, 44, 122133, 4, 99, 1, 1, 2, 0, '2024-08-23'),
(204, 44, 122133, 5, 1, 1, 0, 2, 0, '2024-08-13'),
(205, 44, 122133, 20, 31, 0, 0, 2, 0, '2024-08-13'),
(206, 44, 122133, 5, 3, 1, 0, 2, 0, '2024-08-13'),
(207, 44, 122133, 2, 99, 3, 0, 2, 0, '2024-08-13'),
(208, 45, 122142, 13, 3, 2, 0, 2, 0, '2024-08-13'),
(209, 45, 122142, 5, 3, 1, 0, 2, 0, '2024-08-13'),
(210, 45, 122142, 5, 16, 1, 0, 2, 0, '2024-08-13'),
(211, 45, 122142, 5, 4, 1, 0, 2, 0, '2024-08-13'),
(212, 45, 122142, 5, 1, 1, 0, 2, 0, '2024-08-13'),
(213, 45, 122142, 20, 31, 1, 0, 2, 0, '2024-08-13'),
(214, 45, 122142, 16, 99, 1, 0, 2, 0, '2024-08-13'),
(215, 45, 122142, 2, 99, 2, 0, 2, 0, '2024-08-13'),
(216, 54, 122011, 5, 4, 1, 0, 2, 0, '2024-08-13'),
(217, 54, 122011, 5, 8, 1, 0, 2, 0, '2024-08-13'),
(218, 54, 122011, 5, 1, 1, 0, 2, 0, '2024-08-13'),
(219, 54, 122011, 9, 99, 1, 0, 2, 0, '2024-08-13'),
(220, 54, 122011, 7, 99, 2, 0, 2, 0, '2024-08-13'),
(221, 55, 122021, 5, 8, 1, 0, 2, 0, '2024-08-13'),
(222, 55, 122021, 9, 99, 1, 0, 2, 0, '2024-08-13'),
(223, 55, 122021, 5, 3, 0, 0, 2, 0, '2024-08-13'),
(224, 55, 122021, 5, 1, 1, 0, 2, 0, '2024-08-13'),
(225, 56, 122022, 5, 1, 0, 0, 2, 0, '2024-08-13'),
(226, 56, 122022, 5, 3, 0, 0, 2, 0, '2024-08-13'),
(227, 57, 122031, 5, 3, 1, 0, 2, 0, '2024-08-13'),
(228, 57, 122031, 5, 4, 1, 0, 2, 0, '2024-08-13'),
(229, 57, 122031, 2, 99, 1, 0, 2, 0, '2024-08-13'),
(230, 67, 121941, 2, 99, 1, 0, 2, 0, '2024-08-13'),
(231, 68, 121910, 2, 99, 1, 0, 2, 0, '2024-08-13'),
(232, 68, 121910, 7, 99, 0, 0, 2, 0, '2024-10-21'),
(233, 69, 121919, 16, 99, 0, 0, 2, 0, '2024-08-13'),
(234, 69, 121919, 2, 99, 0, 0, 2, 0, '2024-08-13'),
(235, 69, 121919, 5, 1, 0, 0, 2, 0, '2024-08-13'),
(236, 69, 121919, 5, 4, 1, 0, 2, 0, '2024-08-13'),
(237, 70, 121921, 2, 99, 1, 0, 2, 0, '2024-08-13'),
(239, 117, 122254, 2, 99, 3, 0, 2, 0, '2024-08-13'),
(240, 35, 122222, 4, 99, 0, 0, 2, 0, '2024-08-13'),
(241, 35, 122222, 20, 31, 1, 0, 2, 0, '2024-08-13'),
(242, 35, 122222, 8, 1, 1, 0, 2, 0, '2024-08-13'),
(243, 37, 122225, 7, 99, 0, 0, 2, 0, '2024-08-13'),
(244, 36, 122224, 7, 99, 1, 0, 2, 0, '2024-08-13'),
(245, 28, 122243, 2, 99, 2, 1, 2, 7, '2024-08-13'),
(246, 40, 122112, 2, 99, 0, 0, 2, 0, '2024-08-13'),
(247, 40, 122112, 5, 3, 0, 0, 2, 0, '2024-08-13'),
(248, 40, 122112, 5, 7, 0, 0, 2, 0, '2024-08-13'),
(249, 40, 122112, 5, 1, 2, 0, 2, 0, '2024-08-13'),
(250, 40, 122112, 20, 31, 0, 0, 2, 0, '2024-08-13'),
(251, 40, 122112, 13, 4, 0, 0, 2, 0, '2024-08-13'),
(252, 40, 122112, 14, 22, 0, 0, 2, 0, '2024-08-13'),
(253, 41, 122122, 14, 1, 0, 0, 2, 0, '2024-08-13'),
(254, 41, 122122, 14, 3, 1, 0, 2, 0, '2024-08-13'),
(255, 41, 122122, 7, 99, 0, 0, 2, 0, '2024-08-13'),
(256, 41, 122122, 14, 4, 1, 0, 2, 0, '2024-08-13'),
(257, 41, 122122, 14, 8, 1, 0, 2, 0, '2024-08-13'),
(258, 41, 122122, 4, 99, 0, 0, 2, 0, '2024-08-13'),
(259, 46, 122152, 2, 99, 2, 0, 2, 0, '2024-08-13'),
(260, 46, 122152, 5, 1, 0, 0, 2, 0, '2024-08-13'),
(261, 46, 122152, 8, 1, 1, 0, 2, 0, '2024-08-13'),
(262, 46, 122152, 20, 31, 0, 0, 2, 0, '2024-08-13'),
(263, 46, 122152, 9, 17, 1, 0, 2, 0, '2024-08-13'),
(264, 46, 122152, 22, 1, 1, 0, 2, 0, '2024-08-16'),
(265, 46, 122152, 24, 3, 1, 0, 2, 0, '2024-08-13'),
(266, 46, 122152, 2, 7, 1, 0, 2, 0, '2024-08-13'),
(267, 46, 122152, 5, 3, 0, 0, 2, 0, '2024-08-13'),
(268, 46, 122152, 10, 4, 0, 0, 2, 0, '2024-08-13'),
(269, 47, 122172, 20, 31, 1, 0, 2, 0, '2024-08-13'),
(270, 47, 122172, 2, 99, 1, 0, 2, 0, '2024-08-13'),
(271, 47, 122172, 7, 99, 2, 0, 2, 0, '2024-08-13'),
(272, 47, 122172, 5, 3, 1, 0, 2, 0, '2024-08-13'),
(273, 47, 122172, 9, 17, 0, 0, 2, 0, '2024-08-13'),
(274, 47, 122172, 5, 1, 1, 0, 2, 0, '2024-08-13'),
(275, 47, 122172, 5, 7, 1, 0, 2, 0, '2024-08-13'),
(276, 48, 122191, 5, 1, 1, 0, 2, 0, '2024-08-13'),
(277, 48, 122191, 5, 3, 0, 0, 2, 0, '2024-08-13'),
(278, 50, 122193, 5, 3, 1, 0, 2, 0, '2024-08-13'),
(279, 50, 122193, 5, 1, 2, 0, 2, 0, '2024-08-13'),
(280, 50, 122193, 5, 7, 2, 0, 2, 0, '2024-08-13'),
(281, 50, 122193, 5, 4, 1, 0, 2, 0, '2024-08-13'),
(282, 50, 122193, 10, 40, 1, 0, 2, 0, '2024-08-13'),
(283, 51, 122194, 5, 8, 0, 0, 2, 0, '2024-08-13'),
(284, 51, 122194, 8, 8, 1, 0, 2, 0, '2024-08-13'),
(285, 51, 122194, 7, 40, 0, 0, 2, 0, '2024-08-13'),
(286, 51, 122194, 24, 1, 0, 0, 2, 0, '2024-08-13'),
(287, 60, 122071, 2, 99, 3, 0, 2, 0, '2024-08-13'),
(288, 60, 122071, 5, 4, 2, 0, 2, 0, '2024-08-13'),
(289, 60, 122071, 5, 3, 0, 0, 2, 0, '2024-08-13'),
(290, 60, 122071, 10, 1, 1, 0, 2, 0, '2024-08-13'),
(291, 58, 122041, 2, 99, 3, 0, 2, 0, '2024-08-13'),
(292, 119, 122072, 7, 99, 2, 0, 2, 0, '2024-08-13'),
(293, 119, 122072, 9, 99, 1, 0, 2, 0, '2024-08-13'),
(294, 62, 122090, 2, 99, 0, 0, 2, 0, '2024-08-13'),
(295, 62, 122090, 7, 99, 1, 0, 2, 0, '2024-08-13'),
(296, 65, 122094, 2, 99, 0, 0, 2, 0, '2024-08-13'),
(297, 64, 122092, 7, 99, 1, 0, 2, 0, '2024-08-13'),
(298, 64, 122092, 5, 1, 1, 0, 2, 0, '2024-08-13'),
(299, 64, 122092, 5, 8, 1, 0, 2, 0, '2024-08-13'),
(300, 64, 122092, 5, 4, 2, 0, 2, 0, '2024-08-13'),
(301, 61, 122019, 16, 99, 0, 0, 2, 0, '2024-08-16'),
(302, 61, 122019, 2, 99, 0, 0, 2, 0, '2024-08-13'),
(303, 72, 121950, 5, 1, 0, 0, 2, 0, '2024-08-13'),
(304, 73, 121970, 2, 99, 1, 0, 2, 0, '2024-08-13'),
(305, 73, 121970, 25, 1, 0, 0, 2, 0, '2024-08-22'),
(306, 73, 121970, 16, 99, 0, 0, 2, 0, '2024-08-13'),
(311, 74, 121920, 2, 99, 2, 0, 2, 0, '2024-08-13'),
(312, 74, 121920, 25, 3, 0, 0, 2, 0, '2024-08-13'),
(313, 77, 121912, 2, 99, 0, 0, 2, 0, '2024-08-13'),
(314, 78, 121913, 7, 99, 1, 0, 2, 0, '2024-08-13'),
(315, 78, 121913, 2, 99, 2, 0, 2, 0, '2024-08-13'),
(316, 78, 121913, 7, 33, 0, 0, 2, 0, '2024-08-13'),
(317, 78, 121913, 5, 1, 1, 0, 2, 0, '2024-08-13'),
(318, 36, 122224, 10, 1, 0, 1, 2, 0, '2024-08-13'),
(319, 122, 131919, 2, 99, 0, 1, 3, 0, '2024-08-13'),
(320, 111, 132020, 14, 1, 0, 0, 3, 0, '2024-08-13'),
(321, 111, 132020, 2, 99, 0, 0, 3, 0, '2024-08-13'),
(322, 110, 132019, 5, 7, 0, 0, 3, 0, '2024-08-13'),
(323, 110, 132019, 5, 1, 0, 0, 3, 0, '2024-08-13'),
(324, 110, 132019, 2, 99, 0, 0, 3, 0, '2024-08-13'),
(325, 127, 132119, 14, 8, 0, 0, 3, 0, '2024-08-13'),
(326, 127, 132119, 14, 1, 0, 0, 3, 0, '2024-08-13'),
(327, 129, 131940, 7, 99, 0, 0, 3, 0, '2024-08-13'),
(328, 114, 132029, 14, 1, 0, 1, 3, 0, '2024-08-13'),
(330, 105, 132110, 13, 7, 0, 0, 3, 0, '2024-08-13'),
(331, 105, 132110, 4, 99, 1, 0, 3, 0, '2024-08-13'),
(332, 105, 132110, 9, 99, 1, 0, 3, 0, '2024-08-13'),
(333, 105, 132110, 10, 1, 1, 0, 3, 0, '2024-08-13'),
(334, 105, 132110, 14, 8, 1, 0, 3, 0, '2024-08-13'),
(335, 105, 132110, 14, 3, 0, 0, 3, 0, '2024-08-13'),
(336, 105, 132110, 14, 1, 2, 0, 3, 0, '2024-08-13'),
(337, 107, 132122, 10, 1, 2, 1, 3, 17, '2024-08-13'),
(338, 107, 132122, 14, 8, 0, 1, 3, 17, '2024-08-13'),
(339, 107, 132122, 14, 1, 2, 1, 3, 17, '2024-08-13'),
(340, 107, 132122, 14, 3, 0, 1, 3, 17, '2024-08-13'),
(341, 106, 132210, 14, 16, 0, 0, 3, 0, '2024-08-13'),
(342, 106, 132210, 14, 4, 0, 0, 3, 0, '2024-08-13'),
(343, 106, 132210, 14, 8, 0, 0, 3, 0, '2024-08-13'),
(344, 106, 132210, 5, 1, 1, 0, 3, 0, '2024-08-13'),
(345, 106, 132210, 5, 3, 0, 0, 3, 0, '2024-08-13'),
(346, 106, 132210, 13, 7, 0, 0, 3, 0, '2024-08-13'),
(347, 106, 132210, 13, 1, 0, 0, 3, 0, '2024-08-13'),
(348, 108, 132123, 14, 8, 0, 0, 3, 0, '2024-08-13'),
(349, 108, 132123, 14, 4, 0, 0, 3, 0, '2024-08-13'),
(350, 100, 132221, 2, 99, 0, 1, 3, 0, '2024-08-13'),
(351, 102, 132223, 4, 99, 0, 1, 3, 32, '2024-09-27'),
(352, 102, 132223, 14, 1, 1, 1, 3, 32, '2024-08-13'),
(353, 131, 132163, 10, 7, 2, 0, 3, 0, '2024-08-13'),
(354, 124, 131828, 2, 99, 0, 0, 3, 0, '2024-08-13'),
(355, 96, 132014, 5, 4, 1, 0, 3, 0, '2024-08-13'),
(356, 87, 132114, 2, 99, 0, 0, 3, 0, '2024-08-13'),
(357, 87, 132114, 14, 1, 1, 0, 3, 0, '2024-08-13'),
(358, 87, 132114, 14, 3, 2, 0, 3, 0, '2024-12-12'),
(359, 89, 132116, 4, 99, 0, 0, 3, 0, '2024-08-13'),
(360, 89, 132116, 2, 99, 0, 0, 3, 0, '2024-08-13'),
(361, 91, 132118, 9, 99, 1, 0, 3, 0, '2024-08-13'),
(362, 125, 131832, 2, 99, 4, 0, 3, 0, '2024-08-16'),
(363, 126, 131833, 2, 99, 1, 0, 3, 0, '2024-08-16'),
(365, 273, 132125, 14, 1, 1, 0, 3, 0, '2024-08-13'),
(366, 273, 132125, 14, 8, 1, 0, 3, 0, '2024-08-13'),
(367, 84, 132111, 4, 99, 0, 0, 3, 0, '2024-08-13'),
(368, 84, 132111, 2, 99, 0, 0, 3, 0, '2024-08-13'),
(369, 69, 121919, 14, 4, 1, 0, 2, 0, '2024-08-13'),
(370, 71, 121940, 14, 4, 0, 0, 2, 0, '2024-08-13'),
(371, 67, 121941, 5, 4, 0, 0, 2, 0, '2024-08-13'),
(372, 70, 121921, 5, 4, 0, 0, 2, 0, '2024-08-13'),
(373, 72, 121950, 5, 4, 0, 0, 2, 0, '2024-08-13'),
(374, 73, 121970, 5, 4, 0, 0, 2, 0, '2024-08-13'),
(375, 75, 121949, 5, 4, 1, 0, 2, 0, '2024-08-13'),
(376, 79, 121914, 5, 4, 0, 0, 2, 0, '2024-08-13'),
(377, 56, 122022, 5, 4, 0, 0, 2, 0, '2024-08-13'),
(378, 55, 122021, 5, 4, 0, 0, 2, 0, '2024-08-13'),
(379, 59, 122051, 2, 99, 0, 0, 2, 0, '2024-08-13'),
(380, 61, 122019, 5, 4, 0, 0, 2, 0, '2024-08-13'),
(381, 47, 122172, 5, 4, 1, 0, 2, 0, '2024-08-13'),
(382, 44, 122133, 5, 4, 0, 0, 2, 0, '2024-08-13'),
(383, 28, 122243, 5, 4, 0, 1, 2, 7, '2024-08-13'),
(384, 48, 122191, 16, 99, 1, 0, 2, 0, '2024-08-13'),
(385, 56, 122022, 16, 99, 0, 0, 2, 0, '2024-09-27'),
(386, 134, 242131, 2, 99, 1, 1, 15, 11, '2024-08-13'),
(387, 178, 242020, 2, 99, 1, 1, 15, 25, '2024-08-13'),
(388, 135, 182010, 7, 99, 2, 0, 8, 0, '2024-08-13'),
(389, 136, 152015, 2, 99, 0, 0, 5, 0, '2024-08-13'),
(390, 137, 152116, 4, 99, 0, 0, 5, 0, '2024-10-15'),
(391, 138, 152052, 2, 99, 2, 1, 5, 13, '2024-08-13'),
(392, 141, 152053, 2, 99, 1, 1, 5, 12, '2024-08-13'),
(393, 141, 152053, 7, 99, 1, 1, 5, 12, '2024-08-13'),
(394, 144, 152017, 2, 99, 1, 1, 5, 0, '2024-08-13'),
(395, 146, 152174, 13, 1, 0, 0, 5, 0, '2024-08-13'),
(396, 146, 152174, 26, 99, 4, 0, 5, 0, '2024-08-13'),
(397, 147, 152175, 2, 99, 1, 1, 5, 27, '2024-08-13'),
(398, 147, 152175, 13, 7, 0, 1, 5, 0, '2024-08-13'),
(399, 154, 172020, 5, 7, 1, 0, 7, 0, '2024-08-13'),
(400, 155, 172130, 14, 1, 2, 0, 7, 0, '2024-08-13'),
(401, 156, 172131, 5, 1, 2, 0, 7, 0, '2024-08-13'),
(402, 157, 172151, 5, 1, 3, 0, 7, 0, '2024-08-13'),
(403, 157, 172151, 4, 99, 0, 0, 7, 0, '2024-08-13'),
(404, 158, 172171, 2, 99, 1, 0, 7, 0, '2024-08-13'),
(405, 158, 172171, 5, 1, 3, 0, 7, 0, '2024-08-13'),
(406, 159, 162121, 14, 3, 2, 1, 6, 20, '2024-08-13'),
(407, 159, 162121, 4, 99, 2, 1, 6, 20, '2024-08-13'),
(408, 162, 162011, 4, 99, 0, 1, 6, 21, '2024-08-13'),
(410, 170, 252120, 7, 99, 0, 1, 16, 24, '2024-08-13'),
(411, 177, 252155, 26, 99, 0, 0, 16, 0, '2024-08-13'),
(412, 172, 212120, 5, 1, 1, 0, 11, 0, '2024-08-13'),
(413, 173, 202011, 5, 1, 1, 0, 10, 0, '2024-08-13'),
(417, 175, 202112, 2, 99, 1, 1, 10, 23, '2024-08-13'),
(418, 166, 141915, 26, 99, 5, 1, 4, 19, '2024-08-13'),
(419, 167, 142219, 26, 99, 1, 1, 4, 22, '2024-08-13'),
(420, 169, 142299, 2, 99, 2, 0, 4, 0, '2024-08-13'),
(421, 45, 122142, 7, 99, 1, 0, 2, 0, '2024-08-13'),
(422, 7, 112014, 7, 99, 1, 0, 1, 0, '2024-08-13'),
(423, 11, 111913, 4, 3, 0, 0, 1, 0, '2024-08-13'),
(424, 11, 111913, 20, 3, 1, 0, 1, 0, '2024-08-13'),
(425, 15, 111812, 5, 7, 0, 0, 1, 0, '2024-08-13'),
(430, 180, 112214, 3, 99, 0, 0, 1, 0, '2024-08-13'),
(431, 181, 112215, 3, 99, 1, 0, 1, 0, '2024-08-13'),
(432, 182, 112216, 3, 99, 0, 0, 1, 0, '2024-08-13'),
(433, 183, 112217, 3, 99, 0, 0, 1, 0, '2024-08-13'),
(434, 180, 112214, 27, 99, 2, 0, 1, 0, '2024-08-23'),
(435, 181, 112215, 27, 99, 0, 0, 1, 0, '2024-08-13'),
(436, 182, 112216, 27, 99, 0, 0, 1, 0, '2024-08-13'),
(437, 183, 112217, 27, 99, 1, 0, 1, 0, '2024-08-13'),
(438, 150, 152194, 2, 99, 1, 0, 5, 0, '2024-08-13'),
(439, 124, 131828, 5, 1, 0, 0, 3, 0, '2024-08-13'),
(440, 128, 131939, 10, 4, 1, 0, 3, 0, '2024-08-16'),
(441, 115, 132030, 10, 4, 0, 0, 3, 0, '2024-08-13'),
(442, 115, 132030, 2, 99, 0, 0, 3, 0, '2024-08-13'),
(443, 123, 131920, 2, 99, 1, 0, 3, 0, '2024-08-13'),
(444, 123, 131920, 5, 1, 1, 0, 3, 0, '2024-08-20'),
(445, 184, 131928, 5, 1, 0, 0, 3, 0, '2024-08-20'),
(446, 112, 132022, 2, 99, 1, 1, 3, 30, '2024-08-13'),
(447, 129, 131940, 2, 99, 0, 0, 3, 0, '2024-08-13'),
(448, 70, 121921, 9, 99, 2, 0, 2, 0, '2024-08-13'),
(449, 185, 122244, 28, 1, 0, 0, 2, 0, '2024-08-13'),
(450, 185, 122244, 28, 3, 0, 0, 2, 0, '2024-08-13'),
(451, 185, 122244, 28, 4, 1, 0, 2, 0, '2024-08-13'),
(452, 185, 122244, 28, 11, 1, 0, 2, 0, '2024-08-13'),
(453, 185, 122244, 28, 7, 1, 0, 2, 0, '2024-08-13'),
(454, 180, 112214, 29, 1, 1, 0, 1, 0, '2024-08-13'),
(455, 180, 112214, 29, 3, 1, 0, 1, 0, '2024-08-13'),
(456, 180, 112214, 29, 4, 0, 0, 1, 0, '2024-08-13'),
(457, 180, 112214, 29, 12, 1, 0, 1, 0, '2024-08-13'),
(458, 180, 112214, 29, 8, 0, 0, 1, 0, '2024-08-13'),
(459, 180, 112214, 29, 14, 0, 0, 1, 0, '2024-08-13'),
(460, 180, 112214, 13, 1, 0, 0, 1, 0, '2024-08-13'),
(461, 182, 112216, 13, 1, 1, 0, 1, 0, '2024-08-13'),
(462, 182, 112216, 29, 1, 1, 0, 1, 0, '2024-08-13'),
(463, 182, 112216, 29, 3, 1, 0, 1, 0, '2024-08-13'),
(464, 182, 112216, 29, 4, 1, 0, 1, 0, '2024-08-13'),
(465, 182, 112216, 29, 12, 1, 0, 1, 0, '2024-08-13'),
(466, 182, 112216, 29, 8, 1, 0, 1, 0, '2024-08-13'),
(467, 182, 112216, 29, 14, 1, 0, 1, 0, '2024-08-13'),
(468, 181, 112215, 29, 1, 0, 0, 1, 0, '2024-08-13'),
(469, 181, 112215, 29, 3, 1, 0, 1, 0, '2024-08-13'),
(470, 181, 112215, 29, 4, 1, 0, 1, 0, '2024-08-13'),
(471, 181, 112215, 29, 8, 1, 0, 1, 0, '2024-08-13'),
(472, 181, 112215, 29, 12, 1, 0, 1, 0, '2024-08-13'),
(473, 181, 112215, 29, 14, 1, 0, 1, 0, '2024-08-13'),
(474, 181, 112215, 13, 1, 0, 0, 1, 0, '2024-08-13'),
(475, 183, 112217, 29, 1, 0, 0, 1, 0, '2024-08-13'),
(476, 183, 112217, 29, 3, 1, 0, 1, 0, '2024-08-13'),
(477, 183, 112217, 29, 4, 1, 0, 1, 0, '2024-08-13'),
(478, 183, 112217, 29, 8, 1, 0, 1, 0, '2024-08-13'),
(479, 183, 112217, 29, 12, 0, 0, 1, 0, '2024-08-13'),
(480, 183, 112217, 29, 14, 1, 0, 1, 0, '2024-08-13'),
(481, 183, 112217, 13, 1, 0, 0, 1, 0, '2024-08-13'),
(482, 63, 122091, 2, 99, 1, 0, 2, 0, '2024-08-13'),
(483, 48, 122191, 16, 99, 0, 0, 2, 0, '2024-08-13'),
(484, 75, 121949, 14, 4, 0, 0, 2, 0, '2024-08-13'),
(485, 73, 121970, 14, 4, 0, 0, 2, 0, '2024-08-13'),
(486, 72, 121950, 14, 4, 0, 0, 2, 0, '2024-08-13'),
(487, 70, 121921, 14, 4, 1, 0, 2, 0, '2024-08-13'),
(488, 67, 121941, 14, 4, 0, 0, 2, 0, '2024-08-13'),
(489, 55, 122021, 14, 3, 1, 0, 2, 0, '2024-08-13'),
(490, 55, 122021, 14, 1, 1, 0, 2, 0, '2024-08-13'),
(491, 110, 132019, 14, 1, 0, 1, 3, 0, '2024-08-13'),
(492, 110, 132019, 14, 3, 0, 0, 3, 0, '2024-08-13'),
(493, 36, 122224, 22, 1, 1, 0, 2, 0, '2024-08-13'),
(494, 121, 131918, 14, 16, 0, 0, 3, 0, '2024-08-13'),
(495, 186, 131929, 14, 1, 0, 0, 3, 0, '2024-08-13'),
(496, 186, 131929, 14, 3, 0, 0, 3, 0, '2024-08-13'),
(497, 190, 132164, 13, 1, 1, 1, 3, 0, '2024-08-13'),
(498, 39, 122114, 5, 4, 1, 1, 2, 7, '2024-08-13'),
(499, 78, 121913, 5, 4, 0, 0, 2, 0, '2024-08-13'),
(500, 61, 122019, 5, 1, 0, 0, 2, 0, '2024-08-13'),
(501, 55, 122021, 14, 4, 1, 0, 2, 0, '2024-08-13'),
(502, 71, 121940, 5, 4, 0, 0, 2, 0, '2024-08-13'),
(503, 58, 122041, 5, 4, 1, 0, 2, 0, '2024-08-13'),
(504, 98, 132016, 2, 99, 0, 0, 3, 0, '2024-08-13'),
(505, 17, 111710, 9, 4, 0, 0, 1, 0, '2024-08-13'),
(506, 96, 132014, 7, 99, 1, 1, 3, 15, '2024-08-13'),
(507, 40, 122112, 14, 1, 1, 0, 2, 0, '2024-08-13'),
(508, 3, 112115, 7, 99, 0, 0, 1, 0, '2024-08-13'),
(509, 2, 112114, 13, 1, 1, 0, 1, 0, '2024-08-13'),
(510, 28, 122243, 14, 1, 1, 0, 2, 0, '2024-08-13'),
(511, 28, 122243, 14, 3, 1, 0, 2, 0, '2024-08-13'),
(512, 185, 122244, 2, 99, 0, 0, 2, 0, '2024-08-13'),
(513, 40, 122112, 13, 3, 0, 1, 2, 0, '2024-08-13'),
(514, 40, 122112, 13, 1, 1, 1, 2, 0, '2024-08-13'),
(515, 40, 122112, 13, 7, 0, 0, 2, 0, '2024-08-13'),
(516, 193, 132233, 13, 7, 0, 1, 3, 0, '2024-08-13'),
(517, 193, 132233, 13, 1, 0, 1, 3, 0, '2024-08-13'),
(519, 100, 132221, 13, 1, 0, 1, 3, 18, '2024-08-13'),
(520, 104, 132225, 13, 1, 1, 0, 3, 0, '2024-08-13'),
(521, 106, 132210, 13, 3, 0, 0, 3, 0, '2024-08-13'),
(522, 106, 132210, 14, 7, 0, 0, 3, 0, '2024-08-13'),
(523, 106, 132210, 14, 1, 0, 0, 3, 0, '2024-08-13'),
(524, 106, 132210, 2, 99, 0, 0, 3, 0, '2024-08-13'),
(525, 40, 122112, 5, 8, 0, 0, 2, 0, '2024-08-13'),
(526, 40, 122112, 5, 4, 0, 0, 2, 0, '2024-08-13'),
(527, 40, 122112, 5, 9, 0, 0, 2, 0, '2024-08-13'),
(528, 30, 122214, 2, 99, 0, 1, 2, 34, '2024-08-13'),
(529, 35, 122222, 14, 1, 1, 0, 2, 0, '2024-08-13'),
(530, 32, 122253, 5, 8, 1, 0, 2, 0, '2024-08-13'),
(531, 32, 122253, 2, 99, 0, 0, 2, 0, '2024-08-13'),
(532, 32, 122253, 5, 3, 1, 0, 2, 0, '2024-08-13'),
(533, 32, 122253, 13, 1, 0, 0, 2, 0, '2024-08-13'),
(534, 32, 122253, 9, 99, 1, 0, 2, 0, '2024-08-13'),
(535, 195, 231919, 5, 4, 0, 0, 14, 0, '2024-08-13'),
(536, 195, 231919, 5, 9, 0, 0, 14, 0, '2024-08-13'),
(537, 195, 231919, 5, 1, 0, 0, 14, 0, '2024-08-13'),
(538, 111, 132020, 5, 8, 0, 0, 3, 0, '2024-08-13'),
(539, 111, 132020, 14, 4, 0, 0, 3, 0, '2024-08-13'),
(540, 111, 132020, 14, 3, 0, 0, 3, 0, '2024-08-13'),
(541, 112, 132022, 5, 4, 0, 1, 3, 30, '2024-08-13'),
(542, 112, 132022, 5, 1, 0, 0, 3, 0, '2024-08-13'),
(543, 112, 132022, 5, 8, 0, 1, 3, 30, '2024-08-13'),
(544, 112, 132022, 5, 9, 0, 1, 3, 30, '2024-08-13'),
(545, 112, 132022, 5, 3, 1, 1, 3, 30, '2024-08-13'),
(546, 161, 162133, 7, 99, 0, 1, 6, 20, '2024-08-13'),
(547, 196, 142131, 5, 1, 1, 0, 4, 0, '2024-08-13'),
(548, 196, 142131, 5, 8, 1, 0, 4, 0, '2024-08-13'),
(549, 5, 112012, 14, 19, 0, 0, 1, 0, '2024-08-13'),
(550, 15, 111812, 7, 99, 2, 0, 1, 0, '2024-08-13'),
(551, 15, 111812, 9, 17, 0, 0, 1, 0, '2024-08-13'),
(552, 15, 111812, 22, 1, 1, 0, 1, 0, '2024-08-13'),
(553, 11, 111913, 26, 99, 1, 0, 1, 0, '2024-08-13'),
(554, 11, 111913, 14, 1, 1, 0, 1, 0, '2024-08-13'),
(555, 11, 111913, 14, 4, 0, 0, 1, 0, '2024-08-13'),
(556, 11, 111913, 26, 7, 1, 0, 1, 0, '2024-08-13'),
(557, 11, 111913, 5, 6, 1, 0, 1, 0, '2024-08-13'),
(558, 11, 111913, 5, 3, 1, 0, 1, 0, '2024-08-13'),
(559, 11, 111913, 22, 1, 2, 0, 1, 0, '2024-08-13'),
(560, 3, 112115, 26, 99, 0, 0, 1, 0, '2024-08-13'),
(561, 16, 111813, 13, 3, 0, 0, 1, 0, '2024-08-13'),
(562, 16, 111813, 9, 1, 0, 0, 1, 0, '2024-08-13'),
(563, 16, 111813, 9, 4, 3, 0, 1, 0, '2024-08-13'),
(564, 16, 111813, 9, 7, 2, 0, 1, 0, '2024-08-13'),
(565, 16, 111813, 9, 17, 1, 0, 1, 0, '2024-08-13'),
(566, 8, 112015, 14, 16, 1, 0, 1, 0, '2024-08-13'),
(567, 8, 112015, 14, 34, 1, 0, 1, 0, '2024-08-13'),
(568, 8, 112015, 14, 1, 0, 0, 1, 0, '2024-08-13'),
(569, 8, 112015, 14, 17, 1, 0, 1, 0, '2024-08-13'),
(570, 14, 111811, 9, 4, 0, 0, 1, 0, '2024-08-13'),
(571, 14, 111811, 9, 17, 1, 0, 1, 0, '2024-08-13'),
(572, 14, 111811, 7, 99, 2, 0, 1, 0, '2025-03-11'),
(573, 6, 112013, 7, 99, 1, 0, 1, 0, '2024-08-13'),
(574, 6, 112013, 14, 34, 1, 0, 1, 0, '2024-08-13'),
(575, 6, 112013, 14, 17, 0, 0, 1, 0, '2024-08-13'),
(576, 6, 112013, 14, 20, 1, 0, 1, 0, '2024-08-13'),
(577, 6, 112013, 14, 4, 1, 0, 1, 0, '2024-08-13'),
(578, 6, 112013, 14, 1, 0, 0, 1, 0, '2024-08-13'),
(579, 6, 112013, 14, 14, 1, 0, 1, 0, '2024-08-13'),
(580, 6, 112013, 13, 11, 1, 0, 1, 0, '2024-08-13'),
(581, 7, 112014, 2, 99, 1, 0, 1, 0, '2024-08-13'),
(582, 7, 112014, 14, 19, 1, 0, 1, 0, '2024-08-13'),
(583, 7, 112014, 5, 14, 1, 0, 1, 0, '2024-08-13'),
(584, 7, 112014, 14, 13, 1, 0, 1, 0, '2024-08-13'),
(585, 7, 112014, 14, 14, 0, 0, 1, 0, '2024-08-13'),
(586, 7, 112014, 14, 1, 1, 0, 1, 0, '2024-08-13'),
(587, 5, 112012, 26, 1, 0, 0, 1, 0, '2024-08-13'),
(588, 5, 112012, 14, 14, 2, 0, 1, 0, '2024-08-13'),
(589, 7, 112014, 14, 34, 0, 0, 1, 0, '2024-08-13'),
(590, 11, 111913, 13, 6, 0, 0, 1, 0, '2024-08-13'),
(591, 11, 111913, 10, 7, 1, 0, 1, 0, '2024-08-13'),
(592, 11, 111913, 10, 1, 0, 0, 1, 0, '2024-08-13'),
(593, 11, 111913, 7, 99, 0, 0, 1, 0, '2024-08-13'),
(594, 11, 111913, 7, 1, 0, 0, 1, 0, '2024-08-13'),
(595, 11, 111913, 2, 4, 1, 0, 1, 0, '2024-08-13'),
(596, 11, 111913, 22, 4, 1, 0, 1, 0, '2024-08-13'),
(597, 9, 111911, 16, 99, 0, 0, 1, 0, '2024-08-13'),
(598, 9, 111911, 2, 99, 0, 0, 1, 0, '2024-08-13'),
(599, 9, 111911, 7, 3, 0, 0, 1, 0, '2024-08-13'),
(600, 9, 111911, 6, 33, 0, 0, 1, 0, '2024-08-13'),
(601, 9, 111911, 20, 40, 2, 0, 1, 0, '2024-08-13'),
(602, 9, 111911, 10, 40, 0, 0, 1, 0, '2024-08-13'),
(603, 9, 111911, 28, 1, 0, 0, 1, 0, '2024-08-13'),
(604, 46, 122152, 4, 99, 2, 1, 2, 0, '2024-08-13'),
(605, 46, 122152, 7, 99, 1, 0, 2, 0, '2024-08-13'),
(606, 46, 122152, 9, 99, 0, 0, 2, 0, '2024-08-13'),
(607, 42, 122123, 7, 99, 0, 0, 2, 0, '2024-08-13'),
(608, 42, 122123, 9, 99, 2, 0, 2, 0, '2024-08-13'),
(609, 49, 122192, 7, 99, 1, 0, 2, 0, '2024-08-13'),
(610, 50, 122193, 14, 4, 1, 0, 2, 0, '2024-08-13'),
(611, 48, 122191, 2, 99, 0, 0, 2, 0, '2024-08-13'),
(612, 48, 122191, 20, 31, 1, 0, 2, 0, '2024-08-13'),
(613, 50, 122193, 20, 31, 0, 0, 2, 0, '2024-08-13'),
(614, 50, 122193, 2, 99, 1, 0, 2, 0, '2024-08-13'),
(615, 49, 122192, 20, 31, 0, 0, 2, 0, '2024-08-13'),
(616, 48, 122191, 2, 99, 0, 0, 2, 0, '2024-09-27'),
(617, 17, 111710, 9, 13, 1, 0, 1, 0, '2024-08-13'),
(618, 17, 111710, 9, 7, 0, 0, 1, 0, '2024-08-13'),
(619, 51, 122194, 2, 99, 1, 0, 2, 0, '2024-08-13'),
(620, 37, 122225, 14, 1, 0, 0, 2, 0, '2024-08-13'),
(621, 38, 122182, 7, 99, 0, 0, 2, 0, '2024-08-13'),
(622, 10, 111912, 10, 40, 1, 0, 1, 0, '2024-08-13'),
(623, 7, 112014, 28, 1, 1, 0, 1, 0, '2024-08-13'),
(624, 180, 112214, 2, 99, 0, 0, 1, 0, '2024-08-13'),
(626, 87, 132114, 13, 1, 0, 0, 3, 0, '2024-08-13'),
(627, 180, 112214, 4, 99, 1, 0, 1, 0, '2024-08-13'),
(628, 30, 122214, 26, 99, 1, 1, 2, 34, '2024-08-13'),
(629, 199, 122313, 14, 1, 0, 0, 2, 0, '2024-08-13'),
(630, 199, 122313, 14, 4, 0, 0, 2, 0, '2024-08-13'),
(631, 199, 122313, 4, 99, 1, 0, 2, 0, '2024-10-16'),
(632, 30, 122214, 14, 8, 0, 1, 2, 34, '2024-08-13'),
(633, 30, 122214, 14, 3, 1, 1, 2, 34, '2024-08-13'),
(634, 30, 122214, 14, 1, 1, 1, 2, 34, '2024-08-13'),
(638, 100, 132221, 14, 4, 0, 1, 3, 18, '2024-08-13'),
(639, 100, 132221, 14, 8, 0, 1, 3, 18, '2024-08-13'),
(640, 100, 132221, 14, 16, 0, 1, 3, 18, '2024-08-13'),
(641, 100, 132221, 14, 1, 0, 1, 3, 18, '2024-08-14'),
(642, 100, 132221, 5, 3, 0, 1, 3, 18, '2024-08-13'),
(643, 81, 132212, 4, 99, 1, 0, 3, 0, '2024-08-13'),
(644, 217, 132313, 4, 99, 1, 0, 3, 0, '2024-08-13'),
(645, 216, 132314, 4, 99, 1, 0, 3, 0, '2024-08-13'),
(646, 202, 122314, 14, 3, 0, 1, 2, 0, '2024-08-13'),
(647, 202, 122314, 14, 7, 0, 1, 2, 0, '2024-08-13'),
(648, 202, 122314, 14, 1, 0, 1, 2, 0, '2024-08-13'),
(649, 202, 122314, 14, 4, 1, 1, 2, 0, '2024-08-13'),
(650, 202, 122314, 14, 12, 0, 0, 2, 0, '2024-08-13'),
(651, 202, 122314, 14, 16, 0, 0, 2, 0, '2024-08-13'),
(652, 203, 142233, 4, 99, 2, 0, 4, 0, '2024-08-13'),
(653, 106, 132210, 10, 1, 0, 0, 3, 0, '2024-08-13'),
(654, 89, 132116, 13, 1, 1, 1, 3, 16, '2024-08-13'),
(655, 59, 122051, 10, 1, 0, 0, 2, 0, '2024-08-13'),
(656, 204, 122354, 7, 99, 2, 1, 2, 0, '2024-08-13'),
(657, 114, 132029, 7, 99, 0, 1, 3, 0, '2025-02-05'),
(658, 205, 132392, 14, 3, 0, 1, 3, 0, '2024-08-13'),
(659, 205, 132392, 14, 1, 0, 1, 3, 41, '2024-08-13'),
(660, 205, 132392, 14, 4, 0, 1, 3, 41, '2024-08-13'),
(661, 205, 132392, 14, 8, 0, 1, 3, 0, '2024-08-13'),
(662, 205, 132392, 13, 1, 1, 1, 3, 41, '2024-08-13'),
(663, 205, 132392, 13, 11, 1, 1, 3, 41, '2024-08-13'),
(664, 205, 132392, 13, 8, 0, 1, 3, 41, '2024-08-13'),
(665, 204, 122354, 14, 1, 1, 1, 2, 0, '2024-08-13'),
(666, 204, 122354, 14, 8, 0, 1, 2, 36, '2024-08-13'),
(667, 204, 122354, 14, 3, 1, 1, 2, 0, '2024-08-13'),
(668, 204, 122354, 14, 4, 1, 1, 2, 0, '2024-08-13'),
(670, 205, 132392, 4, 99, 0, 1, 3, 41, '2024-08-13'),
(671, 208, 122334, 26, 99, 1, 0, 2, 0, '2024-08-13'),
(672, 204, 122354, 26, 99, 0, 1, 2, 36, '2024-08-13'),
(673, 209, 122393, 26, 99, 0, 0, 2, 0, '2024-08-13'),
(674, 210, 122392, 26, 99, 0, 0, 2, 0, '2024-10-04'),
(675, 211, 122394, 26, 99, 0, 0, 2, 0, '2024-08-13'),
(676, 49, 122192, 4, 99, 0, 0, 2, 0, '2024-08-13'),
(677, 212, 122052, 5, 3, 1, 0, 2, 0, '2024-08-13'),
(678, 212, 122052, 5, 8, 0, 0, 2, 0, '2024-08-13'),
(679, 208, 122334, 7, 99, 0, 0, 2, 0, '2024-08-13'),
(680, 208, 122334, 13, 1, 0, 0, 2, 0, '2024-08-13'),
(681, 208, 122334, 13, 18, 1, 0, 2, 0, '2024-08-16'),
(682, 208, 122334, 13, 8, 0, 0, 2, 0, '2024-08-13'),
(683, 213, 122293, 8, 3, 1, 1, 2, 37, '2024-08-13'),
(684, 213, 122293, 8, 1, 0, 1, 2, 37, '2024-10-21'),
(685, 213, 122293, 26, 99, 0, 1, 2, 37, '2024-08-13'),
(686, 29, 122213, 5, 1, 0, 0, 2, 0, '2024-08-13'),
(687, 29, 122213, 2, 99, 0, 0, 2, 0, '2024-08-13'),
(688, 56, 122022, 5, 7, 1, 0, 2, 0, '2024-08-13'),
(689, 56, 122022, 5, 99, 1, 0, 2, 0, '2024-08-13'),
(690, 106, 132210, 4, 99, 1, 0, 3, 0, '2024-08-13'),
(691, 106, 132210, 5, 8, 1, 0, 3, 0, '2024-08-13'),
(692, 81, 132212, 14, 1, 1, 0, 3, 0, '2024-08-13'),
(693, 83, 132215, 14, 1, 1, 0, 3, 0, '2024-08-13'),
(694, 201, 132214, 14, 1, 1, 0, 3, 0, '2024-08-13'),
(695, 217, 132313, 14, 1, 1, 0, 3, 0, '2024-08-13'),
(696, 216, 132314, 14, 1, 1, 0, 3, 0, '2024-08-13'),
(697, 216, 132314, 26, 99, 1, 0, 3, 0, '2024-08-13'),
(698, 218, 132315, 26, 99, 1, 0, 3, 0, '2024-08-13'),
(699, 218, 132315, 14, 1, 0, 0, 3, 0, '2024-08-13'),
(700, 203, 142233, 26, 99, 2, 1, 4, 0, '2024-08-13'),
(701, 222, 142122, 4, 99, 2, 1, 4, 39, '2024-08-13'),
(702, 222, 142122, 14, 18, 0, 1, 4, 39, '2024-08-13'),
(703, 222, 142122, 14, 3, 0, 1, 4, 39, '2024-08-13'),
(704, 222, 142122, 14, 1, 0, 1, 4, 39, '2024-08-13'),
(705, 222, 142122, 14, 19, 0, 1, 4, 39, '2024-08-13'),
(706, 224, 142011, 2, 99, 2, 0, 4, 0, '2024-08-13'),
(707, 225, 142235, 26, 99, 1, 0, 4, 0, '2024-08-13'),
(708, 225, 142235, 14, 1, 1, 0, 4, 0, '2024-08-13'),
(709, 225, 142235, 14, 9, 1, 0, 4, 0, '2024-08-13'),
(710, 225, 142235, 14, 3, 1, 0, 4, 0, '2024-08-13'),
(711, 226, 242217, 14, 1, 0, 0, 15, 0, '2024-08-13'),
(712, 226, 242217, 14, 9, 0, 0, 15, 0, '2024-08-13'),
(713, 226, 242217, 26, 99, 1, 0, 15, 0, '2024-08-13'),
(714, 202, 122314, 28, 18, 0, 0, 2, 0, '2024-08-13'),
(715, 202, 122314, 28, 16, 0, 0, 2, 0, '2024-08-13'),
(716, 202, 122314, 28, 6, 0, 0, 2, 0, '2024-08-13'),
(717, 202, 122314, 28, 8, 0, 0, 2, 0, '2024-08-13'),
(718, 202, 122314, 28, 1, 0, 0, 2, 0, '2024-08-13'),
(719, 202, 122314, 28, 4, 2, 0, 2, 0, '2024-08-13'),
(720, 202, 122314, 28, 3, 0, 0, 2, 0, '2024-08-13'),
(721, 180, 112214, 30, 14, 1, 0, 1, 0, '2024-08-13'),
(722, 180, 112214, 30, 13, 1, 0, 1, 0, '2024-08-13'),
(723, 181, 112215, 30, 4, 1, 0, 1, 0, '2024-08-13'),
(724, 181, 112215, 30, 18, 1, 0, 1, 0, '2024-08-13'),
(725, 1, 112113, 30, 18, 1, 0, 1, 0, '2024-08-13'),
(726, 1, 112113, 30, 13, 1, 0, 1, 0, '2024-08-13'),
(727, 1, 112113, 30, 4, 0, 0, 1, 0, '2024-08-13'),
(728, 2, 112114, 30, 4, 1, 0, 1, 0, '2024-08-13'),
(729, 2, 112114, 30, 13, 1, 0, 1, 0, '2024-08-13'),
(730, 2, 112114, 30, 14, 1, 0, 1, 0, '2024-08-13'),
(731, 2, 112114, 30, 18, 1, 0, 1, 0, '2024-08-13'),
(732, 3, 112115, 30, 4, 1, 0, 1, 0, '2024-08-13'),
(733, 3, 112115, 30, 14, 1, 0, 1, 0, '2024-08-13'),
(734, 227, 132332, 28, 4, 0, 0, 3, 0, '2024-08-13'),
(735, 227, 132332, 28, 14, 0, 0, 3, 0, '2024-08-13'),
(736, 227, 132332, 28, 6, 1, 0, 3, 0, '2024-08-13'),
(737, 227, 132332, 28, 18, 1, 0, 3, 0, '2024-08-13'),
(738, 227, 132332, 28, 3, 0, 0, 3, 0, '2024-08-13'),
(739, 227, 132332, 28, 8, 0, 0, 3, 0, '2024-08-13'),
(740, 227, 132332, 28, 1, 0, 0, 3, 0, '2024-08-13'),
(741, 228, 132336, 28, 1, 1, 0, 3, 0, '2024-08-13'),
(742, 228, 132336, 28, 8, 1, 0, 3, 0, '2024-08-13'),
(743, 228, 132336, 28, 3, 0, 0, 3, 0, '2024-08-13'),
(744, 228, 132336, 28, 4, 0, 0, 3, 0, '2024-08-13'),
(745, 228, 132336, 28, 18, 1, 0, 3, 0, '2024-08-13'),
(746, 228, 132336, 28, 6, 1, 0, 3, 0, '2024-08-13'),
(747, 228, 132336, 28, 14, 1, 0, 3, 0, '2024-08-13'),
(748, 229, 152217, 26, 99, 1, 1, 5, 40, '2024-08-13'),
(749, 231, 992311, 31, 42, 1, 0, 17, 0, '2024-08-13'),
(750, 231, 992311, 31, 43, 1, 0, 17, 0, '2024-08-13'),
(754, 232, 982311, 61, 40, 0, 0, 18, 0, '2024-08-13'),
(755, 232, 982311, 65, 40, 0, 0, 18, 0, '2024-08-13'),
(756, 232, 982311, 62, 40, 0, 0, 18, 0, '2024-08-13'),
(757, 232, 982311, 63, 40, 0, 0, 18, 0, '2024-08-13'),
(758, 232, 982311, 64, 40, 0, 0, 18, 0, '2024-08-13'),
(759, 232, 982311, 66, 40, 0, 0, 18, 0, '2024-08-13'),
(760, 232, 982311, 67, 40, 0, 0, 18, 0, '2024-08-13'),
(761, 231, 992311, 32, 4, 0, 0, 17, 0, '2024-08-13'),
(762, 231, 992311, 32, 6, 0, 0, 17, 0, '2024-08-13'),
(763, 231, 992311, 32, 1, 1, 0, 17, 0, '2024-08-13'),
(764, 231, 992311, 32, 99, 0, 0, 17, 0, '2024-08-13'),
(765, 231, 992311, 32, 10, 0, 0, 17, 0, '2024-08-13'),
(766, 231, 992311, 32, 7, 3, 0, 17, 0, '2024-08-13'),
(767, 233, 982312, 68, 40, 0, 0, 18, 0, '2024-08-13'),
(768, 233, 982312, 69, 40, 0, 0, 18, 0, '2024-08-13'),
(769, 233, 982312, 70, 40, 0, 0, 18, 0, '2024-08-13'),
(770, 205, 132392, 14, 6, 0, 1, 3, 41, '2024-08-13'),
(771, 235, 231931, 10, 1, 0, 0, 14, 0, '2024-08-13'),
(772, 158, 172171, 10, 1, 0, 0, 7, 0, '2024-08-13'),
(773, 71, 121940, 10, 1, 0, 0, 2, 0, '2024-08-13'),
(774, 227, 132332, 14, 3, 1, 0, 3, 0, '2024-08-13'),
(775, 208, 122334, 14, 4, 1, 0, 2, 0, '2024-08-13'),
(776, 208, 122334, 14, 6, 1, 0, 2, 0, '2024-08-13'),
(777, 208, 122334, 14, 3, 1, 0, 2, 0, '2024-08-13'),
(778, 204, 122354, 14, 6, 1, 0, 2, 0, '2024-08-13'),
(779, 204, 122354, 4, 99, 0, 0, 2, 0, '2024-08-13'),
(780, 202, 122314, 4, 99, 0, 0, 2, 0, '2024-08-13'),
(781, 202, 122314, 14, 6, 1, 0, 2, 0, '2024-08-13'),
(782, 202, 122314, 13, 1, 0, 1, 2, 0, '2024-08-13'),
(783, 202, 122314, 13, 8, 0, 0, 2, 0, '2024-08-13'),
(784, 202, 122314, 13, 3, 1, 1, 2, 0, '2024-08-13'),
(785, 202, 122314, 13, 6, 0, 0, 2, 0, '2024-08-13'),
(786, 29, 122213, 13, 3, 0, 0, 2, 0, '2024-08-13'),
(787, 29, 122213, 14, 6, 1, 0, 2, 0, '2024-08-13'),
(788, 29, 122213, 14, 3, 1, 0, 2, 0, '2024-08-13'),
(789, 29, 122213, 14, 18, 1, 0, 2, 0, '2024-08-13'),
(790, 236, 122324, 14, 4, 1, 0, 2, 0, '2024-08-13'),
(791, 236, 122324, 14, 1, 1, 0, 2, 0, '2024-08-13'),
(792, 236, 122324, 14, 3, 1, 0, 2, 0, '2024-08-13'),
(793, 236, 122324, 14, 18, 2, 0, 2, 0, '2024-08-13'),
(794, 236, 122324, 14, 6, 1, 0, 2, 0, '2024-08-13'),
(795, 236, 122324, 14, 14, 1, 0, 2, 0, '2024-08-13'),
(796, 205, 132392, 4, 14, 0, 1, 3, 41, '2024-08-13'),
(797, 205, 132392, 28, 1, 0, 1, 3, 41, '2024-08-13'),
(798, 205, 132392, 4, 8, 0, 1, 3, 41, '2024-08-13'),
(799, 205, 132392, 4, 18, 0, 1, 3, 41, '2024-08-13'),
(800, 205, 132392, 4, 4, 0, 1, 3, 41, '2024-08-13'),
(801, 205, 132392, 13, 6, 0, 1, 3, 41, '2024-08-13'),
(802, 205, 132392, 13, 3, 1, 1, 3, 41, '2024-08-13'),
(803, 227, 132332, 4, 99, 0, 1, 3, 0, '2024-08-14'),
(804, 227, 132332, 13, 11, 0, 0, 3, 0, '2024-08-13'),
(805, 227, 132332, 13, 1, 0, 0, 3, 0, '2024-08-13'),
(806, 227, 132332, 13, 3, 1, 0, 3, 0, '2024-08-13'),
(807, 227, 132332, 13, 8, 0, 0, 3, 0, '2024-08-13'),
(808, 227, 132332, 26, 1, 0, 0, 3, 0, '2024-08-13'),
(809, 227, 132332, 26, 14, 0, 0, 3, 0, '2024-08-13'),
(811, 237, 132333, 13, 7, 1, 0, 3, 0, '2024-08-13'),
(812, 237, 132333, 4, 99, 0, 1, 3, 0, '2024-08-13'),
(813, 102, 132223, 13, 3, 0, 1, 3, 43, '2024-08-13'),
(814, 237, 132333, 13, 1, 0, 1, 3, 0, '2024-08-13'),
(815, 202, 122314, 5, 1, 0, 0, 2, 0, '2024-08-13'),
(816, 202, 122314, 14, 17, 0, 0, 2, 0, '2024-08-13'),
(817, 217, 132313, 13, 1, 1, 0, 3, 0, '2024-08-13'),
(818, 217, 132313, 5, 4, 1, 0, 3, 0, '2024-08-13'),
(819, 183, 112217, 4, 99, 2, 0, 1, 0, '2024-08-13'),
(820, 182, 112216, 4, 99, 2, 0, 1, 0, '2024-08-13'),
(821, 3, 112115, 13, 7, 0, 0, 1, 0, '2024-08-13'),
(822, 9, 111911, 4, 99, 0, 0, 1, 0, '2024-08-13'),
(823, 14, 111811, 4, 99, 0, 1, 1, 4, '2024-08-13'),
(824, 37, 122225, 4, 99, 0, 0, 2, 0, '2024-08-30'),
(825, 37, 122225, 4, 1, 0, 0, 2, 0, '2024-08-13'),
(826, 205, 132392, 4, 99, 0, 1, 3, 41, '2024-08-13'),
(827, 205, 132392, 13, 7, 0, 1, 3, 41, '2024-08-13'),
(828, 205, 132392, 13, 10, 0, 1, 3, 41, '2024-08-13'),
(829, 205, 132392, 28, 7, 1, 1, 3, 41, '2024-08-13'),
(830, 205, 132392, 28, 3, 0, 1, 3, 41, '2024-10-31'),
(831, 205, 132392, 28, 4, 1, 1, 3, 41, '2024-08-13'),
(832, 205, 132392, 28, 16, 0, 1, 3, 41, '2024-08-13'),
(833, 239, 112315, 29, 4, 1, 0, 1, 0, '2024-08-13'),
(834, 239, 112315, 29, 16, 1, 0, 1, 0, '2024-08-13'),
(835, 239, 112315, 29, 3, 1, 0, 1, 0, '2024-08-13'),
(836, 239, 112315, 29, 1, 1, 0, 1, 0, '2024-08-13'),
(837, 239, 112315, 29, 8, 1, 0, 1, 0, '2024-08-13'),
(838, 239, 112315, 29, 18, 1, 0, 1, 0, '2024-08-13'),
(839, 241, 112317, 29, 18, 1, 0, 1, 0, '2024-08-13'),
(840, 241, 112317, 29, 4, 1, 0, 1, 0, '2024-08-13'),
(841, 241, 112317, 29, 1, 1, 0, 1, 0, '2024-08-13'),
(842, 241, 112317, 29, 8, 1, 0, 1, 0, '2024-08-13'),
(843, 241, 112317, 29, 3, 1, 0, 1, 0, '2024-08-13'),
(844, 241, 112317, 29, 16, 1, 0, 1, 0, '2024-08-13'),
(845, 241, 112317, 27, 99, 0, 0, 1, 0, '2024-08-13'),
(846, 240, 112316, 27, 99, 1, 0, 1, 0, '2024-08-13'),
(847, 239, 112315, 27, 99, 0, 0, 1, 0, '2024-08-13'),
(848, 242, 112318, 27, 99, 0, 0, 1, 0, '2024-08-13'),
(849, 242, 112318, 29, 8, 1, 0, 1, 0, '2024-08-13'),
(850, 242, 112318, 29, 18, 1, 0, 1, 0, '2024-08-13'),
(851, 242, 112318, 29, 1, 0, 0, 1, 0, '2024-08-13'),
(852, 242, 112318, 29, 3, 1, 0, 1, 0, '2024-08-13'),
(853, 242, 112318, 29, 16, 1, 0, 1, 0, '2024-08-13'),
(854, 242, 112318, 29, 4, 1, 0, 1, 0, '2024-08-13'),
(855, 240, 112316, 29, 4, 1, 0, 1, 0, '2024-08-13'),
(856, 240, 112316, 29, 18, 1, 0, 1, 0, '2024-08-13'),
(857, 240, 112316, 29, 8, 1, 0, 1, 0, '2024-08-13'),
(858, 240, 112316, 29, 16, 1, 0, 1, 0, '2024-08-13'),
(859, 240, 112316, 29, 3, 1, 0, 1, 0, '2024-08-13'),
(860, 240, 112316, 29, 1, 1, 0, 1, 0, '2024-08-13'),
(861, 183, 112217, 28, 1, 0, 0, 1, 0, '2024-08-13'),
(862, 183, 112217, 28, 6, 1, 0, 1, 0, '2024-08-13'),
(863, 10, 111912, 14, 1, 0, 0, 1, 0, '2024-08-13'),
(864, 10, 111912, 14, 8, 0, 0, 1, 0, '2024-09-02'),
(865, 10, 111912, 14, 18, 1, 0, 1, 0, '2024-08-13'),
(866, 10, 111912, 14, 3, 1, 0, 1, 0, '2024-08-13'),
(867, 10, 111912, 14, 7, 1, 0, 1, 0, '2024-08-13'),
(868, 10, 111912, 14, 4, 1, 0, 1, 0, '2024-08-13'),
(869, 11, 111913, 14, 3, 1, 0, 1, 0, '2024-08-13'),
(870, 11, 111913, 14, 18, 1, 0, 1, 0, '2024-08-13'),
(871, 19, 111712, 14, 1, 0, 1, 1, 28, '2024-08-13'),
(872, 19, 111712, 14, 8, 1, 1, 1, 28, '2024-08-13'),
(873, 12, 112211, 14, 18, 0, 1, 1, 3, '2024-09-17'),
(874, 12, 112211, 14, 4, 1, 1, 1, 3, '2024-08-13'),
(875, 12, 112211, 14, 14, 1, 1, 1, 3, '2024-08-13'),
(876, 12, 112211, 14, 8, 0, 1, 1, 3, '2024-09-09'),
(877, 12, 112211, 14, 1, 0, 1, 1, 3, '2024-08-13'),
(878, 19, 111712, 14, 3, 0, 1, 1, 28, '2024-08-13'),
(879, 10, 111912, 13, 1, 0, 0, 1, 0, '2024-08-13'),
(880, 5, 112012, 13, 1, 0, 0, 1, 0, '2024-08-13'),
(881, 5, 112012, 13, 3, 0, 0, 1, 0, '2024-08-26'),
(882, 5, 112012, 13, 8, 1, 0, 1, 0, '2024-08-13'),
(883, 5, 112012, 13, 10, 0, 0, 1, 0, '2024-08-13'),
(884, 209, 122393, 4, 99, 1, 0, 2, 0, '2024-08-13'),
(885, 211, 122394, 4, 99, 0, 0, 2, 0, '2024-08-13'),
(886, 213, 122293, 4, 99, 0, 1, 2, 37, '2024-08-13'),
(887, 213, 122293, 14, 1, 1, 1, 2, 37, '2024-08-13'),
(888, 213, 122293, 14, 3, 0, 1, 2, 37, '2024-08-13'),
(889, 213, 122293, 13, 1, 0, 1, 2, 37, '2024-08-13'),
(890, 205, 132392, 14, 18, 1, 1, 3, 41, '2024-08-13'),
(891, 112, 132022, 14, 1, 1, 1, 3, 30, '2024-08-13'),
(892, 202, 122314, 13, 7, 0, 1, 2, 0, '2024-08-13'),
(893, 202, 122314, 13, 10, 1, 1, 2, 0, '2024-08-13'),
(894, 202, 122314, 7, 99, 0, 0, 2, 0, '2024-08-13'),
(895, 202, 122314, 14, 18, 1, 1, 2, 0, '2024-08-13'),
(896, 202, 122314, 14, 14, 0, 1, 2, 0, '2024-08-13'),
(897, 204, 122354, 13, 1, 0, 1, 2, 0, '2024-10-10'),
(898, 204, 122354, 13, 7, 1, 1, 2, 0, '2024-08-13'),
(899, 204, 122354, 13, 10, 0, 1, 2, 0, '2024-08-13'),
(900, 204, 122354, 13, 3, 0, 1, 2, 0, '2024-10-08'),
(901, 204, 122354, 14, 18, 1, 1, 2, 0, '2024-08-13'),
(902, 204, 122354, 14, 7, 1, 1, 2, 0, '2024-08-13'),
(903, 2, 112114, 14, 3, 1, 1, 1, 0, '2024-08-13'),
(904, 2, 112114, 14, 45, 0, 1, 1, 0, '2024-08-13'),
(905, 2, 112114, 14, 7, 1, 1, 1, 0, '2024-08-13'),
(906, 2, 112114, 14, 1, 1, 1, 1, 0, '2024-08-13'),
(907, 33, 122273, 13, 1, 1, 1, 2, 0, '2024-08-13'),
(908, 33, 122273, 14, 1, 1, 1, 2, 0, '2024-08-13'),
(909, 33, 122273, 14, 7, 1, 1, 2, 0, '2024-08-13'),
(910, 33, 122273, 7, 99, 1, 1, 2, 0, '2024-08-13'),
(911, 244, 122411, 7, 99, 1, 0, 2, 0, '2024-08-13'),
(912, 244, 122411, 14, 1, 0, 0, 2, 0, '2024-08-13'),
(913, 244, 122411, 14, 7, 2, 0, 2, 0, '2024-08-13'),
(914, 244, 122411, 14, 3, 1, 0, 2, 0, '2024-08-13'),
(915, 244, 122411, 14, 18, 1, 0, 2, 0, '2024-08-13'),
(916, 244, 122411, 14, 14, 1, 0, 2, 0, '2024-08-13'),
(917, 244, 122411, 14, 6, 1, 0, 2, 0, '2024-08-13'),
(918, 245, 122412, 14, 6, 1, 0, 2, 0, '2024-08-13'),
(919, 245, 122412, 14, 14, 1, 0, 2, 0, '2024-08-13'),
(920, 245, 122412, 14, 4, 1, 0, 2, 0, '2024-08-13'),
(921, 245, 122412, 14, 18, 1, 0, 2, 0, '2024-08-13'),
(922, 245, 122412, 14, 3, 0, 0, 2, 0, '2024-08-13'),
(923, 245, 122412, 14, 7, 0, 0, 2, 0, '2024-08-13'),
(924, 245, 122412, 14, 1, 0, 0, 2, 0, '2024-08-13'),
(925, 245, 122412, 7, 99, 0, 0, 2, 0, '2024-08-13'),
(926, 246, 122415, 7, 99, 0, 0, 2, 0, '2024-08-13'),
(927, 246, 122415, 14, 6, 0, 0, 2, 0, '2024-08-13'),
(928, 246, 122415, 14, 14, 0, 0, 2, 0, '2024-08-13'),
(929, 246, 122415, 14, 4, 1, 0, 2, 0, '2024-08-13'),
(930, 246, 122415, 14, 18, 0, 0, 2, 0, '2024-09-19'),
(931, 247, 122423, 14, 18, 1, 0, 2, 0, '2024-08-13'),
(932, 247, 122423, 14, 4, 1, 0, 2, 0, '2024-08-13'),
(933, 247, 122423, 14, 7, 1, 0, 2, 0, '2024-08-13'),
(934, 247, 122423, 14, 1, 1, 0, 2, 0, '2024-08-13'),
(935, 248, 122494, 14, 1, 1, 0, 2, 0, '2024-08-13'),
(936, 248, 122494, 14, 7, 1, 0, 2, 0, '2024-08-13'),
(937, 248, 122494, 7, 99, 1, 0, 2, 0, '2025-02-05'),
(938, 249, 122495, 7, 99, 1, 0, 2, 0, '2025-02-05'),
(939, 249, 122495, 14, 1, 1, 0, 2, 0, '2024-08-13'),
(940, 249, 122495, 14, 7, 1, 0, 2, 0, '2024-08-13'),
(941, 250, 122496, 14, 7, 0, 0, 2, 0, '2024-10-16'),
(942, 250, 122496, 14, 1, 0, 0, 2, 0, '2024-09-26'),
(943, 250, 122496, 7, 99, 1, 0, 2, 0, '2025-02-05'),
(944, 150, 152194, 7, 99, 1, 0, 5, 0, '2024-08-13'),
(945, 251, 152296, 7, 99, 0, 1, 5, 45, '2024-11-27'),
(946, 253, 152398, 7, 99, 1, 1, 5, 0, '2024-08-13'),
(947, 254, 152257, 7, 99, 1, 1, 5, 0, '2024-08-13'),
(948, 256, 152358, 7, 99, 1, 1, 5, 0, '2024-08-13'),
(949, 259, 152377, 7, 99, 0, 0, 5, 0, '2024-08-13'),
(950, 260, 152310, 7, 99, 0, 0, 5, 0, '2024-09-03'),
(951, 261, 142353, 7, 99, 1, 1, 4, 47, '2024-08-13'),
(952, 263, 142355, 7, 99, 1, 0, 4, 0, '2024-08-13'),
(953, 180, 112214, 14, 1, 1, 0, 1, 0, '2024-08-13'),
(954, 180, 112214, 14, 7, 1, 0, 1, 0, '2024-08-13'),
(955, 180, 112214, 14, 18, 1, 0, 1, 0, '2024-08-13'),
(956, 180, 112214, 14, 14, 1, 0, 1, 0, '2024-08-13'),
(957, 180, 112214, 14, 6, 1, 0, 1, 0, '2024-08-13'),
(958, 180, 112214, 14, 4, 1, 0, 1, 0, '2024-08-13'),
(959, 180, 112214, 14, 16, 1, 0, 1, 0, '2024-08-13'),
(960, 149, 152193, 5, 1, 0, 1, 5, 27, '2024-08-13'),
(961, 149, 152193, 5, 7, 1, 1, 5, 27, '2024-08-13'),
(962, 149, 152193, 5, 4, 1, 1, 5, 27, '2024-08-13'),
(963, 149, 152193, 5, 3, 1, 1, 5, 27, '2024-08-13'),
(964, 264, 132412, 14, 1, 1, 0, 3, 0, '2024-08-13'),
(965, 264, 132412, 14, 3, 0, 0, 3, 0, '2024-08-13'),
(966, 264, 132412, 14, 4, 2, 0, 3, 0, '2024-08-13'),
(967, 40, 122112, 7, 99, 0, 1, 2, 0, '2024-08-13'),
(968, 205, 132392, 7, 99, 0, 1, 3, 41, '2024-08-19'),
(969, 265, 172240, 14, 1, 1, 0, 7, 0, '2024-08-13'),
(970, 265, 172240, 14, 3, 1, 1, 7, 0, '2024-08-13'),
(971, 265, 172240, 14, 18, 1, 1, 7, 0, '2024-08-13'),
(972, 265, 172240, 14, 14, 1, 1, 7, 0, '2024-08-13'),
(973, 265, 172240, 14, 4, 1, 1, 7, 0, '2024-08-13'),
(974, 265, 172240, 14, 19, 2, 1, 7, 0, '2024-08-13'),
(975, 265, 172240, 5, 1, 0, 1, 7, 0, '2024-08-13'),
(976, 230, 152215, 7, 99, 1, 0, 5, 0, '2024-08-13'),
(977, 155, 172130, 13, 1, 1, 1, 7, 0, '2024-08-13'),
(978, 111, 132020, 5, 1, 0, 0, 3, 0, '2024-08-26'),
(979, 227, 132332, 13, 7, 1, 0, 3, 0, '2024-08-13'),
(980, 237, 132333, 7, 99, 0, 1, 3, 0, '2024-08-13'),
(981, 97, 132015, 13, 1, 1, 0, 3, 0, '2024-08-13'),
(982, 73, 121970, 5, 8, 0, 0, 2, 0, '2024-08-13'),
(983, 73, 121970, 14, 1, 2, 0, 2, 0, '2024-08-13'),
(984, 266, 252222, 7, 99, 1, 0, 16, 0, '2024-08-13'),
(985, 238, 132334, 13, 1, 1, 1, 3, 43, '2024-08-13'),
(986, 264, 132412, 13, 1, 1, 0, 3, 0, '2024-08-13'),
(987, 264, 132412, 13, 7, 0, 0, 3, 0, '2024-08-13'),
(988, 246, 122415, 14, 7, 0, 0, 2, 0, '2024-08-13'),
(989, 246, 122415, 14, 1, 1, 0, 2, 0, '2024-11-08'),
(990, 246, 122415, 14, 3, 1, 0, 2, 0, '2024-08-13'),
(991, 267, 172373, 28, 1, 0, 0, 7, 0, '2024-08-13'),
(992, 267, 172373, 28, 3, 0, 0, 7, 0, '2024-08-13'),
(993, 267, 172373, 28, 7, 0, 0, 7, 0, '2024-08-13'),
(994, 268, 172354, 28, 40, 0, 0, 7, 0, '2024-08-13'),
(995, 264, 132412, 10, 1, 0, 0, 3, 0, '2024-09-06'),
(996, 269, 132423, 7, 99, 3, 0, 3, 0, '2024-08-13'),
(997, 258, 152378, 7, 99, 1, 1, 5, 46, '2024-08-13'),
(998, 245, 122412, 10, 1, 0, 0, 2, 0, '2024-08-13'),
(999, 246, 122415, 10, 1, 0, 0, 2, 0, '2024-08-13'),
(1000, 264, 132412, 13, 1, 0, 0, 3, 0, '2024-08-13'),
(1001, 269, 132423, 13, 3, 1, 0, 3, 0, '2024-08-13'),
(1002, 253, 152398, 13, 3, 1, 0, 5, 0, '2024-08-13'),
(1003, 246, 122415, 13, 3, 0, 0, 2, 0, '2024-08-13'),
(1004, 246, 122415, 13, 1, 0, 0, 2, 0, '2024-08-13'),
(1005, 246, 122415, 13, 7, 0, 0, 2, 0, '2024-08-13'),
(1006, 269, 132423, 10, 1, 0, 0, 3, 0, '2024-08-13'),
(1007, 269, 132423, 28, 7, 1, 0, 3, 0, '2024-08-13'),
(1008, 269, 132423, 28, 18, 0, 0, 3, 0, '2024-08-13'),
(1009, 270, 242389, 28, 18, 0, 0, 15, 0, '2024-08-13'),
(1010, 271, 132433, 8, 99, 1, 0, 3, 0, '2024-08-13'),
(1011, 271, 132433, 8, 1, 0, 0, 3, 0, '2024-08-13'),
(1012, 269, 132423, 8, 1, 1, 0, 3, 0, '2024-08-13'),
(1013, 269, 132423, 8, 99, 0, 0, 3, 0, '2024-08-13'),
(1014, 272, 132425, 8, 7, 2, 0, 3, 0, '2024-08-13'),
(1015, 272, 132425, 8, 99, 2, 0, 3, 0, '2024-08-13'),
(1016, 272, 132425, 8, 1, 2, 0, 3, 0, '2024-08-13'),
(1017, 264, 132412, 13, 3, 1, 0, 3, 0, '2024-08-13'),
(1018, 275, 122425, 14, 8, 1, 0, 2, 0, '2024-08-13'),
(1019, 275, 122425, 14, 3, 1, 0, 2, 0, '2024-08-13'),
(1020, 275, 122425, 14, 4, 0, 0, 2, 0, '2024-10-04'),
(1021, 275, 122425, 14, 1, 0, 0, 2, 0, '2024-08-23'),
(1022, 275, 122425, 14, 16, 1, 0, 2, 0, '2024-08-13'),
(1023, 264, 132412, 14, 19, 0, 0, 3, 0, '2024-08-13'),
(1024, 264, 132412, 14, 8, 1, 0, 3, 0, '2024-08-13'),
(1025, 264, 132412, 13, 8, 0, 0, 3, 0, '2024-09-19'),
(1026, 264, 132412, 7, 99, 0, 0, 3, 0, '2024-09-10'),
(1027, 246, 122415, 4, 99, 1, 0, 2, 0, '2024-10-10'),
(1028, 246, 122415, 13, 11, 1, 0, 2, 0, '2024-08-13'),
(1029, 246, 122415, 14, 8, 0, 0, 2, 0, '2024-08-13'),
(1030, 60, 122071, 7, 99, 0, 0, 2, 0, '2024-08-13'),
(1031, 246, 122415, 11, 40, 2, 0, 2, 0, '2024-09-20'),
(1032, 264, 132412, 8, 1, 0, 0, 3, 0, '2024-11-19'),
(1033, 264, 132412, 8, 19, 1, 0, 3, 0, '2024-08-13');
INSERT INTO `stock` (`idStock`, `idModelo`, `refModel`, `refTipo`, `refColor`, `stock`, `usarRel`, `idMarca`, `idRel`, `modificado`) VALUES
(1034, 264, 132412, 8, 14, 1, 0, 3, 0, '2024-08-13'),
(1035, 264, 132412, 8, 4, 1, 0, 3, 0, '2024-08-13'),
(1036, 264, 132412, 8, 34, 1, 0, 3, 0, '2024-08-13'),
(1037, 264, 132412, 13, 11, 1, 0, 3, 0, '2024-08-13'),
(1038, 269, 132423, 11, 40, 1, 0, 3, 0, '2024-08-13'),
(1039, 269, 132423, 14, 1, 2, 0, 3, 0, '2024-08-13'),
(1040, 269, 132423, 14, 3, 1, 0, 3, 0, '2024-08-13'),
(1041, 269, 132423, 14, 6, 1, 0, 3, 0, '2024-08-13'),
(1042, 269, 132423, 14, 4, 1, 0, 3, 0, '2024-08-13'),
(1043, 269, 132423, 14, 18, 1, 0, 3, 0, '2024-08-13'),
(1044, 276, 152460, 14, 1, 1, 0, 5, 0, '2024-08-13'),
(1045, 277, 252414, 13, 1, 1, 0, 16, 0, '2025-03-11'),
(1046, 277, 252414, 13, 8, 1, 0, 16, 0, '2024-08-13'),
(1047, 278, 172450, 14, 7, 0, 0, 7, 0, '2024-08-13'),
(1048, 4, 112116, 7, 99, 2, 0, 1, 0, '2024-08-13'),
(1049, 239, 112315, 11, 40, 0, 0, 1, 0, '2024-08-13'),
(1050, 240, 112316, 11, 40, 0, 0, 1, 0, '2024-08-13'),
(1051, 241, 112317, 11, 40, 0, 0, 1, 0, '2024-08-13'),
(1052, 242, 112318, 11, 40, 0, 0, 1, 0, '2024-08-13'),
(1053, 236, 122324, 4, 99, 1, 0, 2, 0, '2024-08-13'),
(1054, 279, 252424, 10, 1, 0, 0, 16, 0, '2024-08-13'),
(1055, 200, 132216, 4, 99, 1, 1, 3, 51, '2024-08-13'),
(1056, 0, 262229, 14, 1, 1, 0, 22, 0, '2024-08-13'),
(1057, 30, 122214, 14, 4, 1, 1, 2, 34, '2024-08-13'),
(1058, 30, 122214, 7, 99, 1, 1, 2, 34, '2024-08-13'),
(1059, 30, 122214, 14, 99, 1, 1, 2, 34, '2024-08-13'),
(1060, 231, 992311, 5, 1, 2, 0, 17, 0, '2024-08-13'),
(1061, 231, 992311, 5, 3, 1, 0, 17, 0, '2024-08-13'),
(1065, 289, 121111, 33, 99, 1, 0, 2, 0, '2024-08-16'),
(1066, 289, 121111, 33, 1, 1, 0, 2, 0, '2024-08-16'),
(1067, 289, 121111, 33, 7, 1, 0, 2, 0, '2024-08-16'),
(1068, 290, 121112, 33, 99, 3, 0, 2, 0, '2024-08-16'),
(1069, 291, 121113, 33, 99, 1, 0, 2, 0, '2024-08-16'),
(1070, 293, 121114, 33, 99, 1, 0, 2, 0, '2024-08-16'),
(1071, 294, 121115, 33, 99, 1, 0, 2, 0, '2024-08-16'),
(1072, 295, 121116, 33, 99, 2, 0, 2, 0, '2024-08-16'),
(1073, 296, 121117, 33, 4, 1, 0, 2, 0, '2024-08-16'),
(1074, 296, 121117, 33, 1, 1, 0, 2, 0, '2024-08-16'),
(1075, 296, 121117, 33, 99, 1, 0, 2, 0, '2024-08-16'),
(1076, 297, 121118, 33, 99, 1, 0, 2, 0, '2024-08-16'),
(1077, 298, 121119, 33, 1, 1, 0, 2, 0, '2024-08-16'),
(1078, 298, 121119, 33, 7, 1, 0, 2, 0, '2024-08-16'),
(1079, 298, 121119, 33, 4, 1, 0, 2, 0, '2024-08-16'),
(1080, 298, 121119, 33, 99, 1, 0, 2, 0, '2024-08-16'),
(1081, 299, 121120, 33, 3, 1, 0, 2, 0, '2024-08-16'),
(1082, 300, 121121, 33, 8, 1, 0, 2, 0, '2024-08-16'),
(1083, 301, 121122, 33, 99, 1, 0, 2, 0, '2024-08-16'),
(1084, 302, 121123, 33, 4, 2, 0, 2, 0, '2024-08-16'),
(1085, 302, 121123, 33, 16, 1, 0, 2, 0, '2024-08-16'),
(1086, 303, 121125, 33, 99, 2, 0, 2, 0, '2024-08-16'),
(1087, 303, 121125, 33, 1, 1, 0, 2, 0, '2024-08-16'),
(1088, 304, 121126, 33, 99, 1, 0, 2, 0, '2024-08-16'),
(1089, 305, 121127, 33, 99, 1, 0, 2, 0, '2024-08-16'),
(1090, 157, 172151, 22, 1, 1, 0, 7, 0, '2024-08-16'),
(1091, 267, 172373, 5, 1, 1, 1, 7, 0, '2024-08-16'),
(1092, 239, 112315, 27, 34, 1, 0, 1, 0, '2024-08-23'),
(1093, 239, 112315, 27, 1, 1, 0, 1, 0, '2024-08-23'),
(1094, 240, 112316, 27, 1, 1, 0, 1, 0, '2024-08-23'),
(1095, 241, 112317, 27, 34, 1, 0, 1, 0, '2024-08-23'),
(1096, 241, 112317, 27, 1, 0, 0, 1, 0, '2024-08-28'),
(1097, 242, 112318, 27, 4, 1, 0, 1, 0, '2024-08-23'),
(1098, 180, 112214, 27, 14, 1, 0, 1, 0, '2024-08-23'),
(1099, 182, 112216, 27, 14, 1, 0, 1, 0, '2024-08-23'),
(1100, 182, 112216, 27, 1, 1, 0, 1, 0, '2024-08-23'),
(1101, 181, 112215, 27, 1, 1, 0, 1, 0, '2024-08-23'),
(1102, 181, 112215, 27, 14, 1, 0, 1, 0, '2024-08-23'),
(1103, 183, 112217, 27, 14, 1, 0, 1, 0, '2024-08-23'),
(1104, 1, 112113, 27, 99, 0, 0, 1, 0, '2024-08-29'),
(1105, 2, 112114, 27, 99, 1, 0, 1, 0, '2024-08-23'),
(1106, 3, 112115, 27, 99, 0, 0, 1, 0, '2024-11-13'),
(1107, 278, 172450, 14, 1, 1, 0, 7, 0, '2024-09-05'),
(1108, 278, 172450, 14, 3, 1, 0, 7, 0, '2024-08-29'),
(1109, 278, 172450, 14, 19, 0, 0, 7, 0, '2024-08-29'),
(1110, 307, 13242, 14, 19, 2, 0, 3, 0, '2024-08-23'),
(1111, 307, 13242, 14, 16, 1, 0, 3, 0, '2024-08-23'),
(1112, 307, 13242, 14, 1, 1, 0, 3, 0, '2024-09-03'),
(1113, 307, 13242, 14, 8, 1, 0, 3, 0, '2024-08-23'),
(1114, 307, 13242, 14, 3, 1, 0, 3, 0, '2024-08-23'),
(1115, 307, 13242, 14, 4, 1, 0, 3, 0, '2024-08-23'),
(1116, 306, 13241, 14, 3, 1, 0, 3, 0, '2024-08-23'),
(1117, 308, 17231, 14, 3, 1, 0, 7, 0, '2024-08-23'),
(1118, 308, 17231, 14, 8, 1, 0, 7, 0, '2024-08-23'),
(1119, 308, 17231, 14, 19, 0, 0, 7, 0, '2024-09-09'),
(1120, 308, 17231, 14, 1, 2, 0, 7, 0, '2024-08-23'),
(1121, 174, 202012, 10, 1, 2, 0, 10, 0, '2024-08-23'),
(1122, 276, 152460, 2, 99, 1, 0, 5, 0, '2024-08-23'),
(1123, 306, 13241, 14, 4, 1, 0, 3, 0, '2024-08-23'),
(1124, 306, 13241, 14, 19, 1, 0, 3, 0, '2024-08-23'),
(1125, 306, 13241, 14, 8, 0, 0, 3, 0, '2024-08-26'),
(1126, 268, 172354, 14, 8, 1, 0, 7, 0, '2024-08-23'),
(1127, 268, 172354, 14, 19, 0, 0, 7, 0, '2024-10-04'),
(1128, 268, 172354, 14, 1, 1, 0, 7, 0, '2024-08-23'),
(1129, 268, 172354, 14, 3, 1, 0, 7, 0, '2024-08-23'),
(1130, 268, 172354, 13, 1, 1, 0, 7, 0, '2024-08-23'),
(1131, 268, 172354, 13, 8, 1, 0, 7, 0, '2024-08-23'),
(1132, 310, 122536, 7, 99, 1, 0, 2, 0, '2025-02-05'),
(1133, 310, 122536, 5, 1, 1, 0, 2, 0, '2025-02-05'),
(1134, 310, 122536, 5, 8, 1, 0, 2, 0, '2025-02-05'),
(1135, 310, 122536, 5, 3, 1, 0, 2, 0, '2025-02-05'),
(1136, 310, 122536, 5, 6, 1, 0, 2, 0, '2025-02-05'),
(1137, 310, 122536, 5, 19, 1, 0, 2, 0, '2025-02-05'),
(1138, 310, 122536, 5, 4, 1, 0, 2, 0, '2025-02-05'),
(1139, 311, 122556, 7, 99, 1, 0, 2, 0, '2025-02-05'),
(1140, 311, 122556, 5, 1, 1, 0, 2, 0, '2025-02-05'),
(1141, 311, 122556, 5, 8, 1, 0, 2, 0, '2025-02-05'),
(1142, 311, 122556, 5, 3, 1, 0, 2, 0, '2025-02-05'),
(1143, 311, 122556, 5, 6, 1, 0, 2, 0, '2025-02-05'),
(1144, 311, 122556, 5, 4, 1, 0, 2, 0, '2025-02-05'),
(1145, 311, 122556, 5, 19, 1, 0, 2, 0, '2025-02-05'),
(1146, 31, 122233, 5, 1, 1, 0, 2, 0, '2025-02-05'),
(1147, 275, 122425, 22, 1, 1, 0, 2, 0, '2025-02-05'),
(1148, 275, 122425, 22, 3, 1, 0, 2, 0, '2025-02-05'),
(1149, 313, 122424, 15, 1, 1, 0, 2, 0, '2025-02-05'),
(1150, 313, 122424, 15, 34, 1, 0, 2, 0, '2025-02-05'),
(1151, 312, 122527, 7, 99, 1, 0, 2, 0, '2025-02-05'),
(1152, 314, 122526, 10, 1, 1, 0, 2, 0, '2025-02-05'),
(1153, 314, 122526, 7, 99, 1, 0, 2, 0, '2025-02-05'),
(1154, 314, 122526, 5, 1, 1, 0, 2, 0, '2025-02-05'),
(1155, 314, 122526, 5, 8, 1, 0, 2, 0, '2025-02-05'),
(1156, 314, 122526, 5, 3, 1, 0, 2, 0, '2025-02-05'),
(1157, 314, 122526, 5, 6, 1, 0, 2, 0, '2025-02-05'),
(1158, 314, 122526, 5, 4, 1, 0, 2, 0, '2025-02-05'),
(1159, 314, 122526, 5, 19, 1, 0, 2, 0, '2025-02-05'),
(1160, 315, 122516, 22, 3, 1, 0, 2, 0, '2025-02-05'),
(1161, 315, 122516, 22, 1, 1, 0, 2, 0, '2025-02-05'),
(1162, 315, 122516, 7, 99, 2, 0, 2, 0, '2025-02-05'),
(1163, 315, 122516, 26, 1, 1, 0, 2, 0, '2025-02-05'),
(1164, 315, 122516, 26, 19, 1, 0, 2, 0, '2025-02-05'),
(1165, 315, 122516, 26, 4, 1, 0, 2, 0, '2025-02-05'),
(1166, 315, 122516, 5, 19, 1, 0, 2, 0, '2025-02-05'),
(1167, 315, 122516, 5, 4, 1, 0, 2, 0, '2025-02-05'),
(1168, 315, 122516, 5, 6, 1, 0, 2, 0, '2025-02-05'),
(1169, 315, 122516, 5, 3, 1, 0, 2, 0, '2025-02-05'),
(1170, 315, 122516, 5, 8, 1, 0, 2, 0, '2025-02-05'),
(1171, 315, 122516, 5, 1, 1, 0, 2, 0, '2025-02-05'),
(1172, 316, 12256, 7, 99, 2, 0, 2, 0, '2025-02-05'),
(1173, 316, 12256, 5, 4, 1, 0, 2, 0, '2025-02-05'),
(1174, 316, 12256, 5, 6, 1, 0, 2, 0, '2025-02-05'),
(1175, 316, 12256, 5, 3, 1, 0, 2, 0, '2025-02-05'),
(1176, 316, 12256, 5, 8, 1, 0, 2, 0, '2025-02-05'),
(1177, 316, 12256, 5, 1, 1, 0, 2, 0, '2025-02-05'),
(1178, 316, 12256, 5, 19, 1, 0, 2, 0, '2025-02-05'),
(1179, 246, 122415, 22, 1, 1, 0, 2, 0, '2025-03-12'),
(1180, 317, 122435, 22, 1, 1, 0, 2, 0, '2025-02-05'),
(1181, 318, 13251, 14, 8, 1, 0, 3, 0, '2025-03-11'),
(1182, 318, 13251, 14, 1, 1, 0, 3, 0, '2025-03-11'),
(1183, 318, 13251, 14, 3, 1, 0, 3, 0, '2025-03-11'),
(1184, 318, 13251, 14, 19, 1, 0, 3, 0, '2025-03-11'),
(1185, 319, 13252, 14, 1, 1, 0, 3, 0, '2025-03-11'),
(1186, 319, 13252, 14, 4, 1, 1, 3, 0, '2025-03-11'),
(1187, 319, 13252, 14, 19, 1, 0, 3, 0, '2025-03-11'),
(1188, 319, 13252, 14, 16, 1, 0, 3, 0, '2025-03-11'),
(1189, 319, 13252, 14, 3, 1, 0, 3, 0, '2025-03-11'),
(1190, 319, 13252, 14, 8, 1, 0, 3, 0, '2025-03-11'),
(1191, 319, 13252, 13, 10, 1, 0, 3, 0, '2025-03-11'),
(1192, 319, 13252, 13, 6, 1, 0, 3, 0, '2025-03-11'),
(1193, 319, 13252, 13, 1, 1, 0, 3, 0, '2025-03-11'),
(1194, 320, 252484, 14, 8, 1, 0, 16, 0, '2025-03-11'),
(1195, 320, 252484, 14, 1, 1, 0, 16, 0, '2025-03-11'),
(1196, 277, 252414, 13, 3, 1, 0, 16, 0, '2025-03-11'),
(1197, 20, 111617, 5, 8, 2, 1, 1, 3, '2025-03-11'),
(1198, 20, 111617, 5, 3, 2, 1, 1, 3, '2025-03-11'),
(1199, 20, 111617, 5, 4, 1, 1, 1, 3, '2025-03-11'),
(1200, 20, 111617, 5, 6, 1, 1, 1, 3, '2025-03-11'),
(1201, 20, 111617, 5, 19, 1, 1, 1, 3, '2025-03-11'),
(1202, 20, 111617, 5, 16, 1, 1, 1, 3, '2025-03-11'),
(1203, 20, 111617, 7, 99, 2, 1, 1, 3, '2025-03-11'),
(1204, 9, 111911, 7, 99, 2, 0, 1, 0, '2025-03-11'),
(1205, 9, 111911, 14, 8, 1, 0, 1, 0, '2025-03-11'),
(1206, 9, 111911, 14, 16, 1, 0, 1, 0, '2025-03-11'),
(1207, 9, 111911, 14, 4, 1, 0, 1, 0, '2025-03-11'),
(1208, 1, 112113, 14, 16, 1, 0, 1, 0, '2025-03-11'),
(1209, 1, 112113, 14, 19, 1, 0, 1, 0, '2025-03-11'),
(1210, 1, 112113, 14, 8, 1, 0, 1, 0, '2025-03-11'),
(1211, 1, 112113, 14, 1, 2, 0, 1, 0, '2025-03-11'),
(1212, 321, 132515, 14, 1, 2, 0, 3, 0, '2025-03-11'),
(1213, 321, 132515, 8, 4, 1, 0, 3, 0, '2025-03-11'),
(1214, 321, 132515, 8, 1, 3, 0, 3, 0, '2025-03-11'),
(1215, 322, 132311, 14, 1, 1, 0, 3, 0, '2025-03-11'),
(1216, 322, 132311, 14, 8, 1, 0, 3, 0, '2025-03-11'),
(1217, 322, 132311, 14, 3, 1, 0, 3, 0, '2025-03-11'),
(1218, 322, 132311, 14, 4, 1, 0, 3, 0, '2025-03-11'),
(1219, 322, 132311, 14, 19, 1, 0, 3, 0, '2025-03-11'),
(1220, 323, 132520, 13, 1, 1, 0, 3, 0, '2025-03-11'),
(1221, 326, 132326, 13, 1, 1, 0, 3, 0, '2025-03-11'),
(1222, 324, 132525, 13, 1, 1, 0, 3, 0, '2025-03-11'),
(1223, 324, 132525, 13, 8, 1, 0, 3, 0, '2025-03-11'),
(1224, 325, 132526, 13, 8, 1, 0, 3, 0, '2025-03-11'),
(1225, 325, 132526, 13, 1, 1, 0, 3, 0, '2025-03-11'),
(1226, 246, 122415, 5, 3, 1, 0, 2, 0, '2025-03-12'),
(1227, 246, 122415, 5, 19, 1, 0, 2, 0, '2025-03-12');

-- --------------------------------------------------------

--
-- Estructura de tabla para la tabla `tipo`
--

CREATE TABLE `tipo` (
  `idTipo` int(11) NOT NULL,
  `nombreTipo` varchar(50) NOT NULL,
  `refTipo` int(2) NOT NULL,
  `pvp` decimal(10,2) NOT NULL
) ENGINE=InnoDB DEFAULT CHARSET=utf8mb4 COLLATE=utf8mb4_general_ci;

--
-- Volcado de datos para la tabla `tipo`
--

INSERT INTO `tipo` (`idTipo`, `nombreTipo`, `refTipo`, `pvp`) VALUES
(2, 'GEL/SILICONA', 2, 4.00),
(3, 'GEL TPU', 3, 4.00),
(4, 'PREMIUM', 4, 5.00),
(5, 'COLOR', 5, 5.00),
(6, 'DECORADA', 6, 10.00),
(7, 'REFORZADA', 7, 6.00),
(8, 'ALTO IMPACTO', 8, 10.00),
(9, 'PROTECCION 360', 9, 8.00),
(10, 'LIBRO', 10, 8.00),
(11, 'DELUXE', 11, 10.00),
(13, 'REFORZADA+ANILLO', 13, 12.00),
(14, 'COLOR PREMIUM', 14, 6.00),
(15, 'REFORZADA INALAMBRICA', 15, 10.00),
(16, 'REFORZADA CON CUERDA', 16, 8.00),
(17, 'REFORZADA TARJETA', 17, 10.00),
(18, 'ALUMINIO', 18, 8.00),
(20, 'IRIDISCENTE', 20, 10.00),
(21, 'ESPEJO', 21, 8.00),
(22, 'PURPURINA', 19, 12.00),
(23, 'LIBRO PREMIUM', 22, 12.00),
(24, 'MADERA', 23, 10.00),
(25, 'ALTO IMPACTO PREMIUM', 24, 15.00),
(26, 'GEL CON ANILLO', 25, 6.00),
(27, 'REFORZADA PREMIUM', 26, 7.00),
(28, 'CARGA MAGNETICA', 27, 15.00),
(29, 'SILICONA SUAVE', 28, 7.00),
(31, 'SILKY', 29, 10.00),
(32, 'Cristal Templado', 50, 5.00),
(33, 'Cristal Templado Full', 51, 8.00),
(34, 'Cristal Templado Premium', 52, 15.00),
(35, 'Cristal Flexible', 53, 20.00),
(36, 'ACOLCHADO ROMBO', 30, 8.00),
(37, 'ANTE', 31, 8.00),
(38, 'CUERDA PREMIUM', 61, 8.00),
(39, 'CUERDA NUDO', 62, 8.00),
(40, 'PLANO FINO', 63, 3.00),
(41, 'PLANO ANCHO', 64, 5.00),
(42, 'PULSERA CUERDA PREMIUM', 65, 7.00),
(43, 'CUERDA BASICA', 66, 4.00),
(44, 'ANILLA PARA CUERDA UND.', 67, 3.00),
(45, 'IMPERMEABLE AIRE', 32, 7.00),
(46, 'MI BAND 5-6 ', 68, 4.00),
(48, 'MI BAND 5/6 DECORADA', 69, 5.00),
(49, 'MI BAND 7', 70, 4.00),
(55, 'Descatalogado', 33, 2.00);

-- --------------------------------------------------------

--
-- Estructura de tabla para la tabla `usuarios`
--

CREATE TABLE `usuarios` (
  `idUsuario` int(3) NOT NULL,
  `usuario` varchar(25) NOT NULL,
  `password` varchar(128) NOT NULL,
  `lastLog` datetime NOT NULL DEFAULT current_timestamp()
) ENGINE=InnoDB DEFAULT CHARSET=latin1 COLLATE=latin1_swedish_ci;

--
-- Volcado de datos para la tabla `usuarios`
--

INSERT INTO `usuarios` (`idUsuario`, `usuario`, `password`, `lastLog`) VALUES
(1, 'admin', '$2y$10$YqWw/zi6CXBMjIokYvcvVeDgwsNSesG1gzVdTncJIpwyAX0.0OdAW', '2025-08-25 00:00:00');

-- --------------------------------------------------------

--
-- Estructura de tabla para la tabla `year`
--

CREATE TABLE `year` (
  `idYear` int(2) NOT NULL,
  `year` int(4) NOT NULL,
  `refYear` int(2) NOT NULL
) ENGINE=InnoDB DEFAULT CHARSET=utf8mb4 COLLATE=utf8mb4_general_ci;

--
-- Volcado de datos para la tabla `year`
--

INSERT INTO `year` (`idYear`, `year`, `refYear`) VALUES
(1, 2022, 22),
(2, 2021, 21),
(3, 2020, 20),
(4, 2019, 19),
(5, 2018, 18),
(6, 2017, 17),
(19, 2016, 16),
(20, 2023, 23),
(21, 2024, 24),
(22, 2025, 25),
(24, 2010, 10),
(25, 2011, 11);

--
-- Índices para tablas volcadas
--

--
-- Indices de la tabla `color`
--
ALTER TABLE `color`
  ADD PRIMARY KEY (`idColor`);

--
-- Indices de la tabla `marca`
--
ALTER TABLE `marca`
  ADD PRIMARY KEY (`idMarca`),
  ADD UNIQUE KEY `ref` (`refMarca`),
  ADD KEY `refMarca` (`refMarca`);

--
-- Indices de la tabla `modelo`
--
ALTER TABLE `modelo`
  ADD PRIMARY KEY (`idModelo`);

--
-- Indices de la tabla `relacionados`
--
ALTER TABLE `relacionados`
  ADD PRIMARY KEY (`idRel`);

--
-- Indices de la tabla `stock`
--
ALTER TABLE `stock`
  ADD PRIMARY KEY (`idStock`);

--
-- Indices de la tabla `tipo`
--
ALTER TABLE `tipo`
  ADD PRIMARY KEY (`idTipo`),
  ADD UNIQUE KEY `refTipo` (`refTipo`);

--
-- Indices de la tabla `usuarios`
--
ALTER TABLE `usuarios`
  ADD PRIMARY KEY (`idUsuario`);

--
-- Indices de la tabla `year`
--
ALTER TABLE `year`
  ADD PRIMARY KEY (`idYear`),
  ADD UNIQUE KEY `refYear` (`refYear`),
  ADD KEY `refYear_2` (`refYear`);

--
-- AUTO_INCREMENT de las tablas volcadas
--

--
-- AUTO_INCREMENT de la tabla `color`
--
ALTER TABLE `color`
  MODIFY `idColor` int(11) NOT NULL AUTO_INCREMENT, AUTO_INCREMENT=37;

--
-- AUTO_INCREMENT de la tabla `marca`
--
ALTER TABLE `marca`
  MODIFY `idMarca` int(11) NOT NULL AUTO_INCREMENT, AUTO_INCREMENT=23;

--
-- AUTO_INCREMENT de la tabla `modelo`
--
ALTER TABLE `modelo`
  MODIFY `idModelo` int(11) NOT NULL AUTO_INCREMENT, AUTO_INCREMENT=327;

--
-- AUTO_INCREMENT de la tabla `relacionados`
--
ALTER TABLE `relacionados`
  MODIFY `idRel` int(11) NOT NULL AUTO_INCREMENT, AUTO_INCREMENT=54;

--
-- AUTO_INCREMENT de la tabla `stock`
--
ALTER TABLE `stock`
  MODIFY `idStock` int(11) NOT NULL AUTO_INCREMENT, AUTO_INCREMENT=1228;

--
-- AUTO_INCREMENT de la tabla `tipo`
--
ALTER TABLE `tipo`
  MODIFY `idTipo` int(11) NOT NULL AUTO_INCREMENT, AUTO_INCREMENT=56;

--
-- AUTO_INCREMENT de la tabla `usuarios`
--
ALTER TABLE `usuarios`
  MODIFY `idUsuario` int(3) NOT NULL AUTO_INCREMENT, AUTO_INCREMENT=3;

--
-- AUTO_INCREMENT de la tabla `year`
--
ALTER TABLE `year`
  MODIFY `idYear` int(2) NOT NULL AUTO_INCREMENT, AUTO_INCREMENT=26;
COMMIT;

/*!40101 SET CHARACTER_SET_CLIENT=@OLD_CHARACTER_SET_CLIENT */;
/*!40101 SET CHARACTER_SET_RESULTS=@OLD_CHARACTER_SET_RESULTS */;
/*!40101 SET COLLATION_CONNECTION=@OLD_COLLATION_CONNECTION */;
